nodeId,kmeans_cluster,louvain_cluster,subject
7047,4,37,Reinforcement_Learning
16470,0,9,Neural_Networks
1153280,1,54,Genetic_Algorithms
1120777,4,13,Neural_Networks
1131312,2,11,Probabilistic_Methods
1152896,1,12,Case_Based
1131314,2,11,Probabilistic_Methods
116512,0,15,Neural_Networks
709113,0,23,Rule_Learning
205196,4,13,Neural_Networks
74920,0,67,Probabilistic_Methods
5959,5,1,Case_Based
616336,0,84,Rule_Learning
362926,5,1,Rule_Learning
1128977,1,54,Genetic_Algorithms
733167,4,21,Neural_Networks
12182,3,5,Theory
632935,4,6,Probabilistic_Methods
684531,4,21,Neural_Networks
608190,1,54,Genetic_Algorithms
35905,4,3,Neural_Networks
187260,0,78,Case_Based
273152,1,54,Genetic_Algorithms
1153195,4,37,Neural_Networks
12638,4,6,Neural_Networks
51045,2,42,Probabilistic_Methods
13212,0,37,Neural_Networks
1106298,1,1,Theory
644577,2,11,Probabilistic_Methods
28542,7,2,Reinforcement_Learning
131122,7,37,Neural_Networks
1131565,1,54,Neural_Networks
28964,2,25,Probabilistic_Methods
62333,4,14,Neural_Networks
72101,4,9,Neural_Networks
140005,5,1,Theory
95597,7,2,Reinforcement_Learning
1107041,6,12,Case_Based
1130600,4,2,Reinforcement_Learning
73146,2,3,Probabilistic_Methods
1120444,6,18,Case_Based
566653,6,18,Case_Based
118424,4,9,Neural_Networks
1127657,5,1,Theory
400455,0,49,Neural_Networks
20602,3,5,Theory
102406,5,5,Theory
55968,7,2,Reinforcement_Learning
851968,0,16,Neural_Networks
1112929,4,13,Neural_Networks
27895,5,24,Theory
1951,6,12,Case_Based
98698,1,54,Genetic_Algorithms
671269,4,21,Neural_Networks
642798,2,11,Probabilistic_Methods
1129369,0,54,Genetic_Algorithms
1112319,3,5,Theory
642827,2,42,Probabilistic_Methods
1128943,1,54,Genetic_Algorithms
10174,6,4,Theory
31863,2,42,Probabilistic_Methods
29723,4,3,Probabilistic_Methods
107177,5,5,Theory
675847,4,21,Neural_Networks
74749,5,4,Theory
178727,1,54,Genetic_Algorithms
1123926,5,5,Theory
191404,7,2,Probabilistic_Methods
1154071,2,11,Probabilistic_Methods
111866,3,5,Theory
101660,5,1,Rule_Learning
1132073,0,76,Neural_Networks
1113739,7,2,Reinforcement_Learning
83826,4,14,Neural_Networks
1133047,1,54,Genetic_Algorithms
1102567,6,18,Case_Based
211906,5,5,Theory
531348,2,25,Probabilistic_Methods
1125469,2,3,Probabilistic_Methods
30901,5,5,Theory
231198,4,37,Neural_Networks
884094,4,6,Probabilistic_Methods
641956,5,21,Neural_Networks
62329,1,54,Genetic_Algorithms
116545,1,54,Genetic_Algorithms
81722,1,54,Case_Based
1114125,7,2,Reinforcement_Learning
1133010,4,3,Probabilistic_Methods
154047,0,99,Neural_Networks
241133,7,2,Theory
1106630,5,1,Neural_Networks
2658,0,16,Neural_Networks
568045,5,1,Rule_Learning
646913,1,54,Genetic_Algorithms
1152904,3,3,Neural_Networks
66990,4,13,Neural_Networks
231249,1,54,Genetic_Algorithms
232860,5,47,Neural_Networks
263498,1,54,Genetic_Algorithms
94641,1,54,Genetic_Algorithms
69198,4,37,Neural_Networks
814836,0,91,Rule_Learning
158172,2,3,Probabilistic_Methods
137790,5,4,Theory
162080,0,34,Neural_Networks
1104007,3,5,Theory
28473,7,2,Reinforcement_Learning
180373,5,14,Neural_Networks
1130637,5,1,Case_Based
1999,5,1,Theory
1125258,0,39,Neural_Networks
116552,1,54,Genetic_Algorithms
106590,2,3,Probabilistic_Methods
1121459,5,24,Case_Based
148399,3,5,Theory
7537,0,36,Neural_Networks
423816,1,54,Genetic_Algorithms
1109581,7,2,Probabilistic_Methods
592975,1,54,Genetic_Algorithms
77826,6,12,Case_Based
1129367,1,54,Genetic_Algorithms
103543,2,11,Probabilistic_Methods
1106112,0,38,Reinforcement_Learning
1128982,1,54,Genetic_Algorithms
37998,5,24,Rule_Learning
1152179,4,14,Neural_Networks
1133338,1,54,Genetic_Algorithms
264347,4,9,Theory
50337,4,3,Probabilistic_Methods
74821,4,21,Probabilistic_Methods
1105360,5,1,Rule_Learning
36167,7,2,Reinforcement_Learning
162664,2,25,Probabilistic_Methods
48555,4,9,Neural_Networks
1132968,4,16,Neural_Networks
28387,7,2,Reinforcement_Learning
1919,7,3,Probabilistic_Methods
753047,4,9,Theory
567005,4,14,Neural_Networks
198653,1,54,Genetic_Algorithms
1116594,4,14,Neural_Networks
4660,3,5,Theory
737204,0,34,Neural_Networks
582139,0,16,Neural_Networks
1128531,5,1,Rule_Learning
695284,3,0,Theory
5069,6,18,Case_Based
105865,4,42,Neural_Networks
1108267,6,54,Case_Based
10169,5,1,Theory
1059953,3,5,Theory
3231,5,1,Theory
63477,5,1,Case_Based
23069,2,19,Probabilistic_Methods
561674,2,11,Neural_Networks
166420,5,5,Theory
13982,3,5,Theory
84021,1,54,Genetic_Algorithms
610529,0,92,Neural_Networks
236759,0,16,Neural_Networks
31349,3,0,Neural_Networks
1102548,0,55,Case_Based
1133846,0,99,Neural_Networks
118559,4,14,Reinforcement_Learning
1105428,6,25,Rule_Learning
129042,6,12,Case_Based
4335,4,21,Probabilistic_Methods
321004,0,59,Genetic_Algorithms
8874,1,54,Genetic_Algorithms
1119004,0,68,Neural_Networks
8617,1,5,Neural_Networks
950305,4,34,Neural_Networks
1105764,7,2,Reinforcement_Learning
189774,2,42,Probabilistic_Methods
23738,5,1,Theory
22886,6,18,Case_Based
1154173,0,48,Probabilistic_Methods
561581,2,11,Probabilistic_Methods
135130,1,41,Reinforcement_Learning
1131116,1,54,Genetic_Algorithms
78555,0,68,Neural_Networks
1129573,1,41,Genetic_Algorithms
33325,3,0,Theory
3187,2,42,Probabilistic_Methods
662250,0,76,Neural_Networks
3240,5,24,Theory
1105116,4,3,Probabilistic_Methods
1153816,1,54,Genetic_Algorithms
134314,2,19,Probabilistic_Methods
131117,4,37,Neural_Networks
20179,6,12,Case_Based
1134056,0,43,Neural_Networks
1125393,5,1,Case_Based
51934,5,37,Neural_Networks
5600,6,12,Case_Based
682666,7,2,Reinforcement_Learning
85299,4,2,Neural_Networks
16476,0,9,Neural_Networks
105856,4,9,Neural_Networks
96851,1,54,Genetic_Algorithms
380341,0,83,Neural_Networks
1130927,4,14,Neural_Networks
5462,4,21,Neural_Networks
1131741,4,14,Genetic_Algorithms
87915,2,19,Probabilistic_Methods
1115959,1,26,Neural_Networks
22835,4,14,Neural_Networks
6913,4,21,Probabilistic_Methods
1138970,3,0,Theory
112378,5,24,Case_Based
6941,5,1,Rule_Learning
358894,2,42,Theory
240791,1,54,Genetic_Algorithms
31097,5,1,Case_Based
575077,1,54,Genetic_Algorithms
300071,2,3,Probabilistic_Methods
608191,1,54,Genetic_Algorithms
154982,4,14,Probabilistic_Methods
32083,1,14,Neural_Networks
289779,1,54,Genetic_Algorithms
510718,2,2,Probabilistic_Methods
94416,5,1,Rule_Learning
379288,6,18,Case_Based
93273,3,5,Theory
19231,7,2,Theory
28485,7,2,Reinforcement_Learning
36131,2,3,Probabilistic_Methods
273949,4,9,Theory
300806,4,3,Neural_Networks
1152150,4,6,Neural_Networks
32688,4,21,Neural_Networks
593068,1,54,Genetic_Algorithms
648369,0,71,Neural_Networks
39904,4,14,Neural_Networks
3112,6,12,Case_Based
1139195,0,17,Case_Based
1120169,5,1,Theory
48764,1,54,Reinforcement_Learning
1152272,3,3,Neural_Networks
17811,5,1,Genetic_Algorithms
19621,4,14,Neural_Networks
1131270,2,11,Probabilistic_Methods
3932,6,12,Case_Based
118259,7,2,Reinforcement_Learning
315789,0,17,Genetic_Algorithms
1119216,0,53,Probabilistic_Methods
118260,7,2,Reinforcement_Learning
409725,0,23,Rule_Learning
114966,0,39,Neural_Networks
375825,0,44,Probabilistic_Methods
124952,0,3,Probabilistic_Methods
144679,1,54,Case_Based
126868,0,72,Case_Based
309476,3,5,Theory
1135108,4,21,Probabilistic_Methods
1112417,0,85,Probabilistic_Methods
1115166,6,12,Case_Based
52003,0,35,Neural_Networks
102938,0,38,Neural_Networks
1129572,3,0,Neural_Networks
84459,0,21,Theory
1152740,1,2,Reinforcement_Learning
192734,3,1,Theory
594011,0,54,Genetic_Algorithms
12330,4,13,Neural_Networks
1113551,1,54,Case_Based
93320,7,14,Reinforcement_Learning
44368,1,54,Genetic_Algorithms
46501,5,42,Theory
120039,5,24,Case_Based
127033,1,41,Genetic_Algorithms
149139,0,75,Theory
642930,0,100,Neural_Networks
58436,1,54,Case_Based
72805,0,74,Rule_Learning
1112369,4,14,Neural_Networks
248823,7,18,Reinforcement_Learning
643239,2,11,Probabilistic_Methods
42848,4,21,Genetic_Algorithms
1131550,1,54,Genetic_Algorithms
1131163,0,65,Neural_Networks
58552,4,21,Neural_Networks
1127863,5,1,Rule_Learning
686559,3,0,Neural_Networks
434,7,2,Reinforcement_Learning
711598,5,1,Theory
75693,0,37,Reinforcement_Learning
189721,0,3,Probabilistic_Methods
108047,1,54,Genetic_Algorithms
56115,1,41,Genetic_Algorithms
124734,3,5,Theory
1119295,5,1,Rule_Learning
151430,5,1,Rule_Learning
40922,5,24,Case_Based
158614,5,1,Theory
1152714,4,9,Neural_Networks
1104946,4,37,Theory
1154232,2,42,Probabilistic_Methods
14090,2,11,Probabilistic_Methods
1105810,6,12,Case_Based
1140289,4,14,Neural_Networks
1133469,1,2,Reinforcement_Learning
314459,0,36,Neural_Networks
23116,4,21,Theory
644363,2,11,Probabilistic_Methods
1116328,3,1,Neural_Networks
67246,4,14,Neural_Networks
650834,1,54,Genetic_Algorithms
84020,5,1,Probabilistic_Methods
119712,4,21,Genetic_Algorithms
131318,4,37,Neural_Networks
103515,1,54,Genetic_Algorithms
134316,2,19,Probabilistic_Methods
35854,3,5,Theory
95589,7,4,Reinforcement_Learning
128383,6,12,Case_Based
1119471,3,5,Theory
157805,3,5,Theory
342802,4,16,Neural_Networks
446271,4,37,Probabilistic_Methods
593091,1,54,Genetic_Algorithms
28389,7,25,Reinforcement_Learning
1130356,0,21,Theory
249421,1,37,Neural_Networks
1132406,0,79,Neural_Networks
1131167,2,11,Probabilistic_Methods
92065,4,21,Neural_Networks
78557,0,68,Neural_Networks
400473,4,37,Neural_Networks
1136397,4,21,Neural_Networks
33303,6,12,Case_Based
110164,6,12,Case_Based
648106,0,31,Neural_Networks
41732,1,54,Reinforcement_Learning
529165,0,95,Neural_Networks
1152917,4,21,Probabilistic_Methods
1125597,1,54,Genetic_Algorithms
28026,6,18,Case_Based
1154176,1,54,Genetic_Algorithms
1125953,5,1,Rule_Learning
85324,4,13,Neural_Networks
156977,4,13,Neural_Networks
189655,2,42,Probabilistic_Methods
1125402,2,25,Probabilistic_Methods
102061,1,14,Genetic_Algorithms
608292,1,54,Genetic_Algorithms
38722,3,5,Theory
1105148,0,37,Reinforcement_Learning
95718,4,21,Theory
116021,7,2,Theory
601462,0,54,Genetic_Algorithms
24476,0,19,Probabilistic_Methods
102879,3,5,Theory
755082,4,21,Probabilistic_Methods
385572,4,14,Neural_Networks
646440,2,11,Probabilistic_Methods
636500,4,21,Theory
1132922,4,14,Neural_Networks
194645,6,18,Reinforcement_Learning
672071,4,21,Neural_Networks
57922,3,5,Theory
54131,1,54,Genetic_Algorithms
328370,5,21,Neural_Networks
31353,3,0,Neural_Networks
118873,1,26,Neural_Networks
1119140,4,14,Neural_Networks
193347,0,23,Rule_Learning
634938,1,54,Genetic_Algorithms
1129798,0,54,Genetic_Algorithms
767763,4,9,Theory
91975,7,2,Reinforcement_Learning
74698,2,19,Probabilistic_Methods
128203,5,4,Theory
80491,0,36,Neural_Networks
1688,1,54,Genetic_Algorithms
175909,6,18,Case_Based
97892,5,1,Case_Based
10981,4,14,Neural_Networks
672064,7,21,Neural_Networks
1108363,6,12,Case_Based
1131334,2,11,Probabilistic_Methods
1107418,1,54,Genetic_Algorithms
330208,4,16,Neural_Networks
18833,1,2,Reinforcement_Learning
28649,3,5,Theory
131315,4,3,Neural_Networks
35863,4,2,Reinforcement_Learning
644448,2,11,Probabilistic_Methods
66556,1,54,Genetic_Algorithms
90655,0,32,Neural_Networks
70441,6,12,Case_Based
1127530,2,42,Probabilistic_Methods
24974,4,21,Neural_Networks
1035,1,54,Reinforcement_Learning
18313,1,37,Reinforcement_Learning
815073,4,13,Neural_Networks
6910,4,6,Neural_Networks
212777,5,1,Rule_Learning
134315,2,19,Probabilistic_Methods
129558,6,12,Case_Based
151708,4,21,Neural_Networks
1153287,7,4,Reinforcement_Learning
7022,4,14,Neural_Networks
1119742,0,3,Probabilistic_Methods
28350,7,2,Reinforcement_Learning
1128978,1,54,Genetic_Algorithms
1117760,7,2,Reinforcement_Learning
1105531,2,3,Probabilistic_Methods
126912,4,3,Probabilistic_Methods
49720,0,98,Probabilistic_Methods
1131607,0,16,Probabilistic_Methods
49844,5,1,Rule_Learning
350362,5,5,Theory
206371,1,54,Genetic_Algorithms
59798,4,14,Neural_Networks
1107319,3,5,Theory
38537,2,11,Probabilistic_Methods
20193,6,18,Case_Based
1107455,7,2,Reinforcement_Learning
6163,7,2,Reinforcement_Learning
192850,3,1,Theory
763010,4,14,Neural_Networks
117315,1,54,Genetic_Algorithms
346292,4,6,Neural_Networks
1153943,1,54,Genetic_Algorithms
368657,0,49,Neural_Networks
43698,3,0,Neural_Networks
520471,5,1,Rule_Learning
682815,1,54,Genetic_Algorithms
27632,7,2,Reinforcement_Learning
1153853,1,54,Genetic_Algorithms
158812,1,37,Neural_Networks
31083,5,1,Theory
644427,2,11,Probabilistic_Methods
1114184,0,36,Neural_Networks
1129494,0,70,Neural_Networks
1121569,0,36,Neural_Networks
1105932,5,1,Rule_Learning
1120211,4,14,Neural_Networks
1118388,6,18,Case_Based
278394,0,16,Neural_Networks
260979,4,14,Theory
48550,4,9,Neural_Networks
82098,1,14,Genetic_Algorithms
36162,4,1,Probabilistic_Methods
54129,1,54,Genetic_Algorithms
590022,2,3,Probabilistic_Methods
1110947,5,1,Case_Based
594543,1,54,Genetic_Algorithms
35070,5,1,Case_Based
1107367,6,18,Case_Based
229635,1,54,Genetic_Algorithms
18251,6,2,Case_Based
1152358,1,54,Genetic_Algorithms
23507,4,14,Neural_Networks
1107728,0,10,Neural_Networks
643221,2,11,Probabilistic_Methods
102939,0,38,Neural_Networks
175548,4,9,Neural_Networks
226698,4,14,Neural_Networks
6639,5,1,Rule_Learning
1112665,5,1,Neural_Networks
28851,1,54,Genetic_Algorithms
817774,0,93,Neural_Networks
1153891,6,18,Case_Based
36140,5,24,Theory
37884,2,3,Probabilistic_Methods
1137466,1,54,Genetic_Algorithms
630890,0,13,Neural_Networks
1131236,2,11,Probabilistic_Methods
33013,2,3,Reinforcement_Learning
82087,4,14,Genetic_Algorithms
4804,3,5,Theory
133628,0,97,Theory
672070,4,21,Neural_Networks
397488,1,54,Genetic_Algorithms
1131420,0,31,Neural_Networks
753070,4,9,Theory
367312,0,30,Neural_Networks
1121057,5,1,Case_Based
561568,2,11,Probabilistic_Methods
141347,1,54,Genetic_Algorithms
69418,4,21,Neural_Networks
182094,1,54,Genetic_Algorithms
644334,2,11,Probabilistic_Methods
167205,0,23,Rule_Learning
1153262,3,3,Probabilistic_Methods
1121176,6,18,Case_Based
593328,1,54,Genetic_Algorithms
65650,3,5,Theory
220420,1,54,Genetic_Algorithms
646837,1,54,Genetic_Algorithms
1107567,3,5,Theory
239800,4,21,Theory
626531,0,66,Probabilistic_Methods
289781,1,54,Genetic_Algorithms
662416,4,6,Probabilistic_Methods
1128256,5,1,Theory
646900,1,54,Genetic_Algorithms
8832,5,24,Case_Based
39126,5,1,Probabilistic_Methods
1112723,4,21,Neural_Networks
116084,5,1,Rule_Learning
27174,4,14,Neural_Networks
239810,5,1,Case_Based
1117219,4,6,Neural_Networks
1115291,2,42,Probabilistic_Methods
230879,0,16,Neural_Networks
523574,2,42,Probabilistic_Methods
6215,7,2,Reinforcement_Learning
1123188,4,6,Neural_Networks
87482,0,32,Neural_Networks
1126037,4,14,Neural_Networks
1109830,0,34,Neural_Networks
1120020,7,2,Reinforcement_Learning
1128927,5,1,Rule_Learning
18773,5,12,Probabilistic_Methods
307656,1,54,Genetic_Algorithms
684372,4,21,Neural_Networks
395547,4,13,Neural_Networks
1132285,3,5,Theory
1113828,4,21,Neural_Networks
13972,7,2,Reinforcement_Learning
1132815,5,1,Neural_Networks
1108570,0,97,Theory
463825,5,1,Theory
10793,0,21,Theory
753264,4,9,Theory
56709,1,41,Genetic_Algorithms
31769,4,14,Neural_Networks
976334,7,2,Reinforcement_Learning
34082,0,53,Probabilistic_Methods
1128846,4,14,Neural_Networks
579008,1,54,Genetic_Algorithms
8703,6,25,Rule_Learning
964248,5,24,Probabilistic_Methods
25181,4,14,Neural_Networks
1103610,5,5,Theory
1125467,5,1,Probabilistic_Methods
641976,4,21,Neural_Networks
1154276,4,21,Neural_Networks
11148,0,23,Rule_Learning
1106406,7,2,Reinforcement_Learning
168332,1,2,Reinforcement_Learning
1153101,5,12,Rule_Learning
594511,1,54,Genetic_Algorithms
14083,2,11,Neural_Networks
334153,5,24,Theory
20593,5,24,Neural_Networks
634902,1,54,Genetic_Algorithms
46079,1,54,Genetic_Algorithms
210872,1,54,Genetic_Algorithms
206259,7,2,Reinforcement_Learning
2665,0,16,Neural_Networks
74937,0,67,Neural_Networks
1130653,6,18,Case_Based
643734,0,14,Neural_Networks
68463,5,1,Rule_Learning
1114512,5,12,Rule_Learning
51049,2,42,Probabilistic_Methods
1117786,5,1,Rule_Learning
594387,1,54,Genetic_Algorithms
137849,2,42,Probabilistic_Methods
1111230,7,2,Reinforcement_Learning
178718,1,54,Genetic_Algorithms
1136040,0,8,Neural_Networks
1110515,1,54,Genetic_Algorithms
3191,2,42,Probabilistic_Methods
390894,4,3,Probabilistic_Methods
8619,1,5,Neural_Networks
415693,1,54,Genetic_Algorithms
28641,3,5,Theory
1104435,0,86,Probabilistic_Methods
137380,5,14,Rule_Learning
17242,2,42,Probabilistic_Methods
6771,3,1,Theory
340078,4,21,Neural_Networks
1949,6,12,Case_Based
1120880,0,61,Neural_Networks
1131752,1,54,Genetic_Algorithms
1133008,0,102,Neural_Networks
1129570,1,54,Genetic_Algorithms
109323,2,42,Probabilistic_Methods
126793,2,11,Probabilistic_Methods
68495,3,5,Theory
95588,7,2,Reinforcement_Learning
1122642,0,32,Neural_Networks
2354,7,4,Theory
124064,7,2,Reinforcement_Learning
1117348,2,21,Neural_Networks
62389,5,1,Case_Based
1109566,1,26,Theory
1107861,5,5,Theory
91852,6,12,Case_Based
263486,5,12,Rule_Learning
1126044,4,16,Neural_Networks
428610,4,21,Neural_Networks
49843,5,1,Rule_Learning
31336,3,0,Neural_Networks
28487,7,2,Reinforcement_Learning
594483,0,50,Genetic_Algorithms
41666,3,21,Theory
686061,7,2,Theory
503871,1,54,Genetic_Algorithms
647408,1,54,Genetic_Algorithms
12631,4,6,Neural_Networks
61073,1,54,Genetic_Algorithms
7430,7,4,Reinforcement_Learning
1125992,5,24,Case_Based
1110438,5,21,Neural_Networks
1131150,4,21,Neural_Networks
60682,5,1,Case_Based
278403,0,16,Neural_Networks
1131719,0,23,Rule_Learning
1117942,7,2,Reinforcement_Learning
594039,0,54,Genetic_Algorithms
93923,5,1,Rule_Learning
1132083,4,6,Neural_Networks
754594,0,8,Neural_Networks
28489,7,2,Reinforcement_Learning
39127,5,1,Rule_Learning
1959,6,12,Case_Based
711527,5,24,Theory
27243,5,5,Theory
1103016,2,11,Neural_Networks
646412,0,52,Probabilistic_Methods
1129518,2,3,Probabilistic_Methods
531351,2,25,Probabilistic_Methods
1132731,1,54,Genetic_Algorithms
1119180,6,18,Case_Based
66794,2,3,Probabilistic_Methods
193354,0,23,Rule_Learning
33904,1,54,Genetic_Algorithms
1129243,7,2,Reinforcement_Learning
1152379,3,1,Theory
42156,4,14,Neural_Networks
75694,0,37,Reinforcement_Learning
171225,4,14,Neural_Networks
51866,6,25,Theory
59244,6,25,Case_Based
30934,7,2,Theory
200630,0,14,Neural_Networks
1139009,0,94,Neural_Networks
85452,5,1,Theory
578337,0,16,Neural_Networks
763009,4,14,Neural_Networks
1154169,4,14,Neural_Networks
74700,2,19,Probabilistic_Methods
375605,1,54,Genetic_Algorithms
49660,5,1,Theory
671293,4,1,Probabilistic_Methods
1116181,7,2,Theory
739280,0,30,Neural_Networks
227286,4,21,Neural_Networks
1132864,2,3,Probabilistic_Methods
1022969,6,12,Case_Based
118558,4,38,Reinforcement_Learning
210871,1,54,Genetic_Algorithms
25794,5,1,Neural_Networks
1106568,4,21,Neural_Networks
1953,6,12,Case_Based
1118083,4,16,Neural_Networks
6125,3,5,Theory
1131301,2,11,Probabilistic_Methods
1111788,5,24,Theory
1128985,1,54,Genetic_Algorithms
22875,6,1,Case_Based
1104999,1,41,Genetic_Algorithms
97377,5,24,Theory
135766,5,1,Rule_Learning
62347,4,14,Reinforcement_Learning
1102761,5,1,Case_Based
751408,0,16,Neural_Networks
646286,2,11,Probabilistic_Methods
170338,0,37,Reinforcement_Learning
1104749,0,60,Genetic_Algorithms
7272,4,14,Neural_Networks
421481,0,44,Probabilistic_Methods
20601,3,5,Theory
368605,0,32,Neural_Networks
1103960,1,54,Genetic_Algorithms
38205,1,54,Genetic_Algorithms
779960,0,29,Neural_Networks
337766,6,12,Case_Based
93318,7,2,Neural_Networks
1128959,1,41,Genetic_Algorithms
246618,1,54,Genetic_Algorithms
950986,4,13,Neural_Networks
9586,0,68,Genetic_Algorithms
20528,5,2,Case_Based
1108329,7,12,Case_Based
1131421,0,31,Neural_Networks
69284,1,54,Genetic_Algorithms
1128291,1,54,Genetic_Algorithms
51180,3,5,Theory
350373,5,24,Theory
1152564,6,12,Case_Based
39890,2,42,Probabilistic_Methods
1138043,3,0,Theory
1136342,1,54,Genetic_Algorithms
242637,4,9,Neural_Networks
153063,2,11,Probabilistic_Methods
24966,4,21,Theory
3097,6,12,Case_Based
120084,4,16,Neural_Networks
16485,4,9,Neural_Networks
32698,4,21,Probabilistic_Methods
503877,1,54,Genetic_Algorithms
134128,7,2,Reinforcement_Learning
102884,3,5,Theory
714975,2,42,Probabilistic_Methods
39131,5,1,Case_Based
887,7,2,Genetic_Algorithms
1153003,5,32,Neural_Networks
1131634,4,9,Neural_Networks
1114629,7,2,Reinforcement_Learning
1105221,1,41,Genetic_Algorithms
219446,1,37,Neural_Networks
1109542,5,21,Probabilistic_Methods
114308,7,4,Reinforcement_Learning
37879,4,3,Probabilistic_Methods
6923,5,1,Rule_Learning
594649,1,54,Genetic_Algorithms
33301,6,12,Case_Based
385067,6,18,Case_Based
1117833,6,12,Case_Based
1140543,4,16,Neural_Networks
1105011,4,21,Probabilistic_Methods
49847,5,1,Rule_Learning
13658,1,26,Neural_Networks
820662,3,0,Theory
259772,6,12,Case_Based
1119505,1,54,Genetic_Algorithms
28632,3,5,Theory
1116835,4,21,Neural_Networks
449841,5,1,Rule_Learning
575795,1,54,Genetic_Algorithms
2695,4,16,Neural_Networks
1126503,5,1,Case_Based
1034,1,54,Genetic_Algorithms
28447,6,18,Case_Based
1132416,0,79,Neural_Networks
87363,1,54,Genetic_Algorithms
395725,6,9,Neural_Networks
1114192,4,16,Neural_Networks
79817,2,42,Probabilistic_Methods
6814,2,3,Probabilistic_Methods
56708,1,41,Reinforcement_Learning
1127812,1,37,Neural_Networks
36145,1,5,Neural_Networks
1131165,2,42,Probabilistic_Methods
32276,4,21,Theory
2440,5,1,Rule_Learning
5055,5,5,Theory
1116530,2,37,Probabilistic_Methods
52784,5,5,Theory
340075,4,14,Neural_Networks
1121313,6,12,Case_Based
440815,2,11,Probabilistic_Methods
1140548,4,14,Neural_Networks
1131348,0,36,Neural_Networks
1153031,3,3,Neural_Networks
1102794,0,90,Rule_Learning
372862,5,1,Rule_Learning
190698,1,54,Neural_Networks
686532,3,0,Neural_Networks
6334,5,1,Case_Based
686015,7,2,Neural_Networks
26850,4,14,Neural_Networks
1132157,5,12,Probabilistic_Methods
285675,4,21,Neural_Networks
1154251,4,14,Neural_Networks
1120431,1,26,Neural_Networks
1135750,3,0,Neural_Networks
49811,5,1,Theory
711994,0,77,Neural_Networks
83725,1,41,Genetic_Algorithms
1107067,5,1,Case_Based
228992,0,87,Neural_Networks
310530,6,12,Case_Based
189623,2,3,Probabilistic_Methods
696342,0,16,Neural_Networks
212107,0,45,Probabilistic_Methods
1127541,2,11,Neural_Networks
1106546,2,19,Probabilistic_Methods
70281,5,1,Neural_Networks
108974,2,3,Probabilistic_Methods
17821,1,57,Reinforcement_Learning
286500,1,9,Genetic_Algorithms
3828,6,12,Case_Based
182093,1,54,Reinforcement_Learning
1117249,3,5,Theory
348437,5,1,Theory
12439,4,24,Neural_Networks
633721,4,6,Probabilistic_Methods
562940,5,1,Rule_Learning
593813,1,54,Genetic_Algorithms
633081,4,6,Probabilistic_Methods
9716,3,3,Theory
1114502,1,54,Genetic_Algorithms
948147,4,13,Neural_Networks
17201,7,3,Reinforcement_Learning
1115375,0,16,Neural_Networks
312409,2,11,Neural_Networks
239829,5,24,Case_Based
195361,7,2,Reinforcement_Learning
3235,5,12,Probabilistic_Methods
1116569,4,21,Neural_Networks
1114777,6,18,Case_Based
116528,5,21,Theory
1129096,7,2,Reinforcement_Learning
167656,5,12,Theory
1134346,2,42,Probabilistic_Methods
1129040,0,50,Genetic_Algorithms
1115701,4,37,Probabilistic_Methods
1119671,4,37,Neural_Networks
1152944,1,2,Reinforcement_Learning
1114992,4,9,Neural_Networks
145176,4,21,Neural_Networks
566488,6,18,Case_Based
259701,1,54,Genetic_Algorithms
6925,3,5,Neural_Networks
1136447,4,14,Neural_Networks
1125944,2,25,Case_Based
39130,5,24,Case_Based
509379,5,1,Theory
1153264,5,1,Theory
1153896,0,54,Genetic_Algorithms
1104809,0,35,Neural_Networks
645571,2,11,Probabilistic_Methods
20924,6,37,Probabilistic_Methods
145134,4,21,Neural_Networks
40605,4,6,Probabilistic_Methods
27241,5,1,Theory
52000,0,35,Neural_Networks
643597,4,6,Probabilistic_Methods
121792,0,64,Neural_Networks
61417,5,1,Rule_Learning
101662,5,1,Theory
50980,0,7,Case_Based
263069,1,54,Genetic_Algorithms
89416,2,19,Probabilistic_Methods
148170,1,54,Genetic_Algorithms
592973,1,54,Genetic_Algorithms
385251,3,5,Theory
646357,2,11,Probabilistic_Methods
20833,5,1,Case_Based
8872,1,54,Reinforcement_Learning
97645,1,54,Genetic_Algorithms
28278,7,2,Reinforcement_Learning
83461,5,1,Rule_Learning
1102625,5,1,Case_Based
47684,5,14,Case_Based
28412,5,24,Reinforcement_Learning
79809,2,42,Theory
1114352,4,21,Neural_Networks
142268,2,19,Probabilistic_Methods
33895,1,54,Genetic_Algorithms
45212,7,2,Neural_Networks
3192,2,42,Probabilistic_Methods
308529,1,41,Reinforcement_Learning
1120650,5,1,Rule_Learning
1128267,7,2,Reinforcement_Learning
1103394,5,24,Case_Based
60169,4,42,Neural_Networks
218410,7,2,Reinforcement_Learning
504,2,19,Probabilistic_Methods
1127810,4,14,Neural_Networks
174425,4,21,Theory
67245,4,14,Neural_Networks
13960,7,2,Reinforcement_Learning
1134197,0,77,Neural_Networks
1153900,1,54,Genetic_Algorithms
14431,0,53,Probabilistic_Methods
459206,1,54,Genetic_Algorithms
44017,5,24,Theory
643695,4,6,Probabilistic_Methods
1122704,0,16,Neural_Networks
1103979,4,21,Neural_Networks
1113438,1,54,Genetic_Algorithms
642681,2,11,Probabilistic_Methods
1112650,2,19,Probabilistic_Methods
589923,2,3,Probabilistic_Methods
1123867,5,1,Theory
782486,4,2,Neural_Networks
8687,5,1,Rule_Learning
12169,3,5,Theory
73972,0,7,Case_Based
77515,3,5,Theory
1122574,4,37,Neural_Networks
561593,2,11,Probabilistic_Methods
1117049,0,59,Genetic_Algorithms
1119708,1,54,Genetic_Algorithms
1113995,4,14,Neural_Networks
593560,1,54,Genetic_Algorithms
1109891,4,9,Neural_Networks
77438,2,3,Probabilistic_Methods
617575,0,58,Neural_Networks
1118848,4,21,Neural_Networks
59715,1,54,Genetic_Algorithms
714289,2,42,Probabilistic_Methods
1132887,2,3,Probabilistic_Methods
463,1,54,Case_Based
66596,5,1,Rule_Learning
11093,4,13,Probabilistic_Methods
1106492,5,1,Rule_Learning
99023,0,16,Neural_Networks
85449,5,1,Neural_Networks
1123068,5,1,Probabilistic_Methods
596075,6,12,Case_Based
1132948,0,16,Neural_Networks
6935,5,1,Rule_Learning
940,6,12,Case_Based
13269,4,3,Probabilistic_Methods
160732,5,1,Rule_Learning
1131274,2,11,Probabilistic_Methods
57773,0,84,Rule_Learning
155158,5,1,Rule_Learning
593248,1,54,Genetic_Algorithms
1154103,4,6,Probabilistic_Methods
155738,3,5,Theory
1152436,6,12,Case_Based
575292,1,54,Genetic_Algorithms
1136814,1,54,Genetic_Algorithms
33907,1,54,Genetic_Algorithms
308232,6,25,Rule_Learning
1102442,5,1,Theory
64484,7,2,Reinforcement_Learning
1128425,0,16,Neural_Networks
206524,5,24,Rule_Learning
75674,7,2,Reinforcement_Learning
46431,1,1,Neural_Networks
128,7,2,Reinforcement_Learning
48766,1,54,Genetic_Algorithms
1131647,4,14,Neural_Networks
1154230,2,42,Probabilistic_Methods
1129442,3,0,Neural_Networks
41714,1,54,Genetic_Algorithms
134219,1,54,Genetic_Algorithms
27514,1,14,Neural_Networks
513189,1,54,Genetic_Algorithms
1129106,6,18,Case_Based
6130,4,21,Neural_Networks
243483,1,54,Genetic_Algorithms
143323,5,4,Case_Based
714256,2,42,Probabilistic_Methods
1153065,1,54,Genetic_Algorithms
81714,1,54,Case_Based
248395,4,21,Neural_Networks
202522,4,37,Probabilistic_Methods
628888,4,13,Neural_Networks
577331,1,54,Genetic_Algorithms
1129608,3,0,Neural_Networks
227178,1,54,Genetic_Algorithms
1113541,4,9,Neural_Networks
574462,1,54,Genetic_Algorithms
286562,3,0,Neural_Networks
120817,4,16,Neural_Networks
20592,5,24,Neural_Networks
163235,0,16,Neural_Networks
166989,3,5,Theory
6344,5,1,Case_Based
71336,4,14,Neural_Networks
14531,5,1,Case_Based
987188,1,26,Neural_Networks
1114398,0,32,Neural_Networks
1104300,4,21,Probabilistic_Methods
132821,3,0,Theory
1120962,5,14,Neural_Networks
1109957,7,2,Reinforcement_Learning
155277,0,82,Probabilistic_Methods
1135368,4,14,Neural_Networks
72908,5,1,Rule_Learning
219239,3,5,Theory
1130657,6,18,Case_Based
1106103,5,54,Case_Based
424540,0,36,Neural_Networks
75969,5,1,Rule_Learning
408885,0,48,Probabilistic_Methods
390896,4,3,Probabilistic_Methods
152227,3,5,Theory
6318,5,1,Case_Based
1114605,4,14,Neural_Networks
1108597,6,18,Case_Based
70520,4,2,Reinforcement_Learning
593201,1,54,Genetic_Algorithms
6767,5,24,Case_Based
6786,2,42,Probabilistic_Methods
72056,4,13,Neural_Networks
14807,4,9,Theory
1129111,4,21,Neural_Networks
7432,7,2,Reinforcement_Learning
1124837,0,89,Probabilistic_Methods
130,7,2,Reinforcement_Learning
708945,4,21,Neural_Networks
1134348,2,42,Probabilistic_Methods
82920,1,54,Genetic_Algorithms
208345,6,18,Case_Based
1102407,4,14,Neural_Networks
1132443,4,21,Neural_Networks
17476,7,2,Reinforcement_Learning
950052,4,14,Neural_Networks
1129368,0,54,Genetic_Algorithms
1153922,4,37,Neural_Networks
1104191,0,28,Neural_Networks
180399,5,14,Neural_Networks
310742,2,42,Probabilistic_Methods
22566,5,24,Case_Based
136766,5,1,Rule_Learning
693143,3,0,Theory
626999,4,16,Neural_Networks
75318,0,36,Neural_Networks
1138027,0,17,Case_Based
141160,4,9,Neural_Networks
593155,1,54,Genetic_Algorithms
8594,0,23,Rule_Learning
307336,4,21,Neural_Networks
45052,5,24,Probabilistic_Methods
173863,2,3,Probabilistic_Methods
56112,1,41,Genetic_Algorithms
1111733,5,9,Neural_Networks
13024,0,23,Rule_Learning
159084,0,33,Neural_Networks
7297,4,14,Neural_Networks
1106236,6,12,Case_Based
124296,4,3,Neural_Networks
1123756,1,54,Genetic_Algorithms
1131195,0,63,Neural_Networks
68115,5,14,Case_Based
30973,6,18,Neural_Networks
128540,1,54,Genetic_Algorithms
1136631,4,9,Theory
1106789,2,42,Probabilistic_Methods
63931,5,1,Rule_Learning
51909,6,25,Rule_Learning
612306,0,23,Rule_Learning
20920,3,21,Probabilistic_Methods
66563,1,54,Genetic_Algorithms
315266,2,3,Probabilistic_Methods
54844,4,37,Theory
27246,5,12,Neural_Networks
207395,6,12,Case_Based
1132706,5,24,Case_Based
593921,1,54,Genetic_Algorithms
158098,2,42,Probabilistic_Methods
34266,0,32,Neural_Networks
3084,6,12,Case_Based
1112767,4,14,Neural_Networks
1272,5,1,Theory
28287,1,2,Reinforcement_Learning
173884,6,25,Probabilistic_Methods
1105344,4,21,Neural_Networks
1694,1,54,Genetic_Algorithms
35343,4,14,Neural_Networks
645084,2,11,Probabilistic_Methods
11337,5,1,Theory
1129021,0,81,Genetic_Algorithms
576257,1,54,Genetic_Algorithms
184157,7,3,Reinforcement_Learning
8699,5,1,Theory
1152244,6,12,Case_Based
1103499,0,19,Probabilistic_Methods
141596,4,21,Neural_Networks
1108389,2,3,Probabilistic_Methods
1131359,1,54,Genetic_Algorithms
617378,0,96,Neural_Networks
346243,5,24,Theory
134199,1,54,Genetic_Algorithms
1135122,4,13,Neural_Networks
1127851,5,1,Rule_Learning
10798,6,1,Case_Based
954315,5,1,Rule_Learning
1107215,6,12,Case_Based
294030,2,37,Probabilistic_Methods
8821,5,1,Case_Based
58540,7,2,Reinforcement_Learning
133566,4,9,Neural_Networks
235776,5,24,Theory
211432,5,24,Theory
576973,1,54,Genetic_Algorithms
6217,5,24,Reinforcement_Learning
40135,5,21,Neural_Networks
27543,5,1,Neural_Networks
683360,2,3,Probabilistic_Methods
1152194,4,21,Neural_Networks
217852,5,4,Rule_Learning
1131180,2,11,Probabilistic_Methods
990075,6,18,Case_Based
23448,4,14,Neural_Networks
137359,5,12,Rule_Learning
126128,3,0,Neural_Networks
15670,1,54,Genetic_Algorithms
899085,0,74,Rule_Learning
3229,4,14,Neural_Networks
65074,2,19,Probabilistic_Methods
27530,5,1,Neural_Networks
103482,1,14,Neural_Networks
1109439,4,21,Neural_Networks
1124844,3,0,Neural_Networks
193918,4,42,Neural_Networks
1131745,4,14,Neural_Networks
69296,1,54,Genetic_Algorithms
1130934,4,14,Neural_Networks
696345,0,16,Neural_Networks
250566,5,1,Case_Based
1135137,4,14,Neural_Networks
108962,2,3,Probabilistic_Methods
96845,1,54,Genetic_Algorithms
27199,3,5,Theory
645897,2,11,Probabilistic_Methods
1116146,6,18,Case_Based
8696,6,1,Theory
1152821,4,14,Neural_Networks
1128945,1,54,Genetic_Algorithms
157761,3,5,Theory
12247,3,5,Theory
50838,5,1,Neural_Networks
33231,2,3,Probabilistic_Methods
218666,5,14,Case_Based
37888,2,3,Probabilistic_Methods
118435,4,9,Neural_Networks
91038,4,37,Probabilistic_Methods
1108175,3,1,Neural_Networks
1135589,4,16,Neural_Networks
1135746,3,5,Theory
1153169,5,1,Rule_Learning
1118092,7,2,Reinforcement_Learning
245955,1,57,Reinforcement_Learning
48768,1,54,Reinforcement_Learning
193742,7,2,Reinforcement_Learning
595056,7,2,Genetic_Algorithms
1106771,0,32,Neural_Networks
307015,1,54,Genetic_Algorithms
189620,2,3,Probabilistic_Methods
12198,3,5,Theory
1131345,4,9,Neural_Networks
1138755,3,0,Neural_Networks
1131192,2,11,Probabilistic_Methods
12199,3,5,Theory
1136446,4,14,Neural_Networks
523394,2,42,Probabilistic_Methods
58268,0,23,Rule_Learning
42207,3,5,Theory
642641,2,11,Probabilistic_Methods
390922,4,3,Probabilistic_Methods
762980,4,14,Neural_Networks
180301,0,103,Probabilistic_Methods
519353,2,19,Probabilistic_Methods
148341,1,54,Genetic_Algorithms
135464,4,16,Neural_Networks
103430,0,36,Neural_Networks
1153942,1,54,Genetic_Algorithms
521269,6,18,Case_Based
132806,1,54,Genetic_Algorithms
74427,0,32,Neural_Networks
1104495,0,32,Neural_Networks
25772,5,1,Neural_Networks
1140040,4,21,Neural_Networks
1113035,4,16,Neural_Networks
561809,2,11,Probabilistic_Methods
576725,1,54,Genetic_Algorithms
36620,5,24,Case_Based
28230,6,54,Probabilistic_Methods
286513,1,54,Genetic_Algorithms
1131277,2,11,Probabilistic_Methods
126909,2,11,Probabilistic_Methods
1114364,0,9,Neural_Networks
24043,4,21,Neural_Networks
1127551,2,11,Probabilistic_Methods
27203,3,5,Theory
1120252,4,21,Probabilistic_Methods
1131267,4,21,Probabilistic_Methods
1129683,1,54,Genetic_Algorithms
117316,1,54,Genetic_Algorithms
1105505,3,3,Neural_Networks
116081,5,1,Rule_Learning
1105698,2,42,Probabilistic_Methods
13195,7,2,Reinforcement_Learning
9559,0,90,Rule_Learning
22883,6,25,Theory
1153014,2,3,Probabilistic_Methods
215912,3,0,Neural_Networks
1120643,1,54,Genetic_Algorithms
1107674,1,41,Genetic_Algorithms
27250,5,24,Theory
1129778,1,54,Genetic_Algorithms
1135125,5,1,Neural_Networks
1123493,0,56,Theory
202520,4,37,Probabilistic_Methods
1136422,4,14,Neural_Networks
6220,7,2,Reinforcement_Learning
66805,1,14,Genetic_Algorithms
1131189,2,11,Probabilistic_Methods
145215,5,24,Case_Based
82666,6,12,Case_Based
1105450,3,1,Theory
824245,0,94,Neural_Networks
17477,1,2,Genetic_Algorithms
35061,1,54,Genetic_Algorithms
95642,6,18,Case_Based
233106,0,13,Neural_Networks
46468,4,24,Probabilistic_Methods
1152290,5,1,Theory
756061,4,14,Neural_Networks
71736,2,11,Probabilistic_Methods
114,7,2,Reinforcement_Learning
752684,0,80,Neural_Networks
1121867,5,5,Theory
22874,6,12,Case_Based
595193,1,54,Genetic_Algorithms
263482,5,12,Rule_Learning
582343,5,1,Theory
593210,1,54,Genetic_Algorithms
60560,0,83,Neural_Networks
1131754,0,101,Genetic_Algorithms
1117501,4,13,Neural_Networks
6898,4,6,Neural_Networks
1129621,0,9,Neural_Networks
594900,1,54,Genetic_Algorithms
101263,3,5,Theory
143476,3,3,Probabilistic_Methods
424,5,14,Rule_Learning
416455,1,41,Genetic_Algorithms
265203,1,2,Genetic_Algorithms
51831,0,9,Neural_Networks
13654,1,26,Neural_Networks
27623,7,2,Neural_Networks
62607,0,46,Rule_Learning
20857,5,1,Rule_Learning
18785,3,1,Probabilistic_Methods
1104851,5,5,Theory
57932,3,5,Neural_Networks
1126011,0,3,Probabilistic_Methods
51879,6,25,Probabilistic_Methods
70444,6,12,Case_Based
1152991,2,11,Probabilistic_Methods
1152858,0,22,Probabilistic_Methods
25791,7,2,Neural_Networks
62634,1,54,Genetic_Algorithms
563613,3,0,Neural_Networks
16843,2,11,Probabilistic_Methods
30817,4,14,Neural_Networks
578898,1,54,Genetic_Algorithms
36802,2,3,Probabilistic_Methods
1132486,0,16,Neural_Networks
1152859,0,36,Neural_Networks
1153877,6,18,Case_Based
62718,1,41,Case_Based
1131149,4,21,Neural_Networks
466170,2,3,Neural_Networks
129287,4,21,Neural_Networks
94713,2,5,Probabilistic_Methods
1128997,1,54,Genetic_Algorithms
235683,0,84,Rule_Learning
3233,5,1,Probabilistic_Methods
232605,0,23,Rule_Learning
5348,4,16,Neural_Networks
1154233,2,42,Probabilistic_Methods
1153899,1,54,Genetic_Algorithms
1102873,4,14,Neural_Networks
1153275,2,42,Theory
62676,2,11,Neural_Networks
735303,1,68,Genetic_Algorithms
1136442,4,14,Neural_Networks
684972,4,13,Probabilistic_Methods
648121,0,31,Neural_Networks
644093,2,11,Probabilistic_Methods
1106052,6,2,Case_Based
169279,4,6,Neural_Networks
358887,2,42,Probabilistic_Methods
1112099,3,5,Theory
49482,4,14,Neural_Networks
18582,1,54,Genetic_Algorithms
1132418,4,21,Neural_Networks
1102850,3,0,Neural_Networks
1102550,0,54,Genetic_Algorithms
591017,5,1,Rule_Learning
1131728,5,24,Case_Based
77829,6,12,Case_Based
198443,1,54,Genetic_Algorithms
117,7,2,Reinforcement_Learning
683355,2,3,Probabilistic_Methods
358866,2,42,Probabilistic_Methods
1117920,2,19,Probabilistic_Methods
1122425,7,2,Reinforcement_Learning
593544,1,54,Genetic_Algorithms
277263,5,1,Rule_Learning
4553,0,55,Rule_Learning
248119,3,5,Theory
67292,4,21,Neural_Networks
1110494,4,14,Neural_Networks
1123689,2,42,Probabilistic_Methods
1153097,0,36,Neural_Networks
1140230,0,16,Neural_Networks
22431,5,1,Rule_Learning
390693,1,54,Neural_Networks
1106172,7,2,Reinforcement_Learning
19697,4,21,Neural_Networks
137956,0,23,Rule_Learning
110041,1,54,Genetic_Algorithms
506,2,19,Probabilistic_Methods
1132459,4,21,Neural_Networks
47839,0,89,Reinforcement_Learning
574710,1,41,Genetic_Algorithms
1114838,0,32,Theory
216877,5,24,Rule_Learning
503883,1,54,Genetic_Algorithms
1107558,4,21,Probabilistic_Methods
20821,5,1,Rule_Learning
1137140,0,29,Neural_Networks
1119178,5,1,Case_Based
646195,2,11,Probabilistic_Methods
245288,4,21,Reinforcement_Learning
1116974,0,32,Neural_Networks
1125386,1,12,Theory
95435,7,3,Reinforcement_Learning
202639,4,21,Neural_Networks
628751,4,13,Neural_Networks
1131557,1,54,Genetic_Algorithms
467383,1,54,Genetic_Algorithms
399339,7,2,Reinforcement_Learning
55801,6,18,Case_Based
60159,4,42,Neural_Networks
1133028,4,14,Theory
578649,1,54,Genetic_Algorithms
416867,3,5,Theory
853115,4,14,Neural_Networks
1118120,4,14,Neural_Networks
1105530,4,21,Neural_Networks
210309,3,21,Theory
592986,1,54,Genetic_Algorithms
976284,3,1,Theory
1131360,1,54,Genetic_Algorithms
294239,1,26,Neural_Networks
3085,6,18,Case_Based
123556,4,9,Neural_Networks
574009,1,54,Genetic_Algorithms
25413,0,23,Rule_Learning
566664,6,18,Case_Based
430711,0,79,Neural_Networks
103529,6,12,Case_Based
411005,4,37,Neural_Networks
1111614,6,18,Case_Based
95225,3,5,Theory
949217,4,21,Neural_Networks
627024,4,16,Neural_Networks
1123991,0,21,Probabilistic_Methods
395540,0,16,Probabilistic_Methods
127940,0,9,Neural_Networks
1134022,1,54,Genetic_Algorithms
69397,5,24,Theory
33823,0,68,Neural_Networks
1107095,5,1,Rule_Learning
44514,1,9,Neural_Networks
197054,1,54,Reinforcement_Learning
34315,4,21,Neural_Networks
68224,0,16,Neural_Networks
58453,1,54,Genetic_Algorithms
1108258,0,72,Case_Based
48066,5,1,Theory
86840,5,1,Theory
502574,6,25,Case_Based
28227,7,2,Reinforcement_Learning
83449,6,12,Case_Based
23545,5,1,Theory
8766,0,23,Rule_Learning
1128946,1,54,Genetic_Algorithms
23070,2,19,Probabilistic_Methods
49753,0,98,Probabilistic_Methods
1102400,3,5,Theory
72406,7,2,Reinforcement_Learning
1130780,4,6,Probabilistic_Methods
141171,0,36,Neural_Networks
943087,3,21,Theory
123825,4,14,Neural_Networks
70970,1,54,Genetic_Algorithms
1136110,4,14,Neural_Networks
20534,7,2,Reinforcement_Learning
8865,1,54,Genetic_Algorithms
45599,1,54,Genetic_Algorithms
653441,2,42,Probabilistic_Methods
103537,2,3,Probabilistic_Methods
1103737,5,12,Theory
318071,2,3,Probabilistic_Methods
16819,2,11,Probabilistic_Methods
1115670,5,1,Rule_Learning
1129994,2,3,Probabilistic_Methods
29492,4,37,Neural_Networks
77112,3,0,Theory
1103969,0,53,Probabilistic_Methods
1104449,4,21,Neural_Networks
1118658,3,5,Theory
1106966,7,2,Reinforcement_Learning
18815,3,21,Case_Based
1107355,7,2,Reinforcement_Learning
646289,4,21,Probabilistic_Methods
509315,1,14,Genetic_Algorithms
1114331,1,54,Genetic_Algorithms
1120084,5,14,Neural_Networks
248431,1,54,Genetic_Algorithms
141868,5,24,Case_Based
241821,0,33,Neural_Networks
1120858,4,16,Neural_Networks
3236,5,1,Theory
593240,1,54,Genetic_Algorithms
1119078,6,25,Theory
1105672,5,5,Neural_Networks
325314,0,16,Neural_Networks
654519,0,101,Genetic_Algorithms
19045,1,54,Genetic_Algorithms
755217,7,2,Reinforcement_Learning
582511,5,1,Theory
801170,1,54,Genetic_Algorithms
987197,3,5,Theory
228990,0,87,Neural_Networks
12155,3,5,Theory
218682,6,12,Case_Based
1105062,4,14,Reinforcement_Learning
97390,1,54,Genetic_Algorithms
2698,4,16,Neural_Networks
27249,5,24,Theory
160705,4,16,Neural_Networks
18812,3,21,Probabilistic_Methods
289085,4,9,Neural_Networks
52515,4,37,Probabilistic_Methods
1113852,5,4,Theory
137873,4,21,Probabilistic_Methods
1131330,0,52,Probabilistic_Methods
1106418,3,5,Theory
179706,0,36,Neural_Networks
561611,2,11,Probabilistic_Methods
28249,7,2,Reinforcement_Learning
1113742,1,54,Genetic_Algorithms
1152633,2,3,Probabilistic_Methods
1129835,0,23,Rule_Learning
577227,1,54,Genetic_Algorithms
643735,0,14,Neural_Networks
8961,5,5,Reinforcement_Learning
28290,1,41,Reinforcement_Learning
1121398,1,54,Genetic_Algorithms
1128319,1,54,Genetic_Algorithms
1130929,3,1,Neural_Networks
561613,2,11,Probabilistic_Methods
308920,2,42,Probabilistic_Methods
1130931,4,14,Neural_Networks
31043,4,21,Neural_Networks
35922,4,3,Probabilistic_Methods
1104258,4,21,Neural_Networks
910,4,21,Neural_Networks
37483,5,4,Case_Based
34263,0,32,Neural_Networks
1119211,0,30,Neural_Networks
734406,6,9,Neural_Networks
1131639,1,54,Neural_Networks
118682,2,25,Probabilistic_Methods
1117089,3,5,Reinforcement_Learning
12194,3,5,Theory
12337,0,9,Neural_Networks
256106,4,16,Neural_Networks
1153811,5,1,Rule_Learning
13205,0,37,Reinforcement_Learning
212097,0,45,Probabilistic_Methods
75691,4,14,Neural_Networks
626574,0,66,Probabilistic_Methods
6818,0,3,Probabilistic_Methods
3223,5,12,Theory
1132505,4,21,Neural_Networks
22564,5,24,Case_Based
645870,2,11,Probabilistic_Methods
1108728,5,14,Rule_Learning
46887,5,24,Neural_Networks
294126,0,27,Rule_Learning
646836,1,54,Genetic_Algorithms
1116839,6,18,Case_Based
100961,4,42,Neural_Networks
6238,0,21,Theory
31927,3,0,Neural_Networks
562123,4,42,Neural_Networks
57948,3,5,Theory
51052,2,42,Probabilistic_Methods
4274,6,25,Case_Based
147870,4,21,Neural_Networks
112099,6,18,Case_Based
1128437,5,1,Theory
1152075,5,5,Theory
9513,3,5,Theory
853114,4,14,Neural_Networks
12197,3,5,Theory
1120138,0,68,Neural_Networks
1153946,0,92,Neural_Networks
1131164,2,11,Probabilistic_Methods
1110520,4,21,Neural_Networks
1365,4,14,Neural_Networks
1138091,6,18,Case_Based
54550,6,12,Case_Based
144408,4,37,Neural_Networks
82090,1,14,Genetic_Algorithms
12210,3,5,Theory
28491,7,2,Reinforcement_Learning
235670,0,84,Rule_Learning
1119987,5,24,Case_Based
579108,1,54,Genetic_Algorithms
8591,0,23,Rule_Learning
1152958,4,6,Neural_Networks
1127913,1,54,Genetic_Algorithms
1152277,4,14,Neural_Networks
6155,7,2,Reinforcement_Learning
83746,1,26,Neural_Networks
237521,4,14,Neural_Networks
486840,1,54,Genetic_Algorithms
1117653,4,9,Neural_Networks
1131305,2,11,Probabilistic_Methods
1132385,3,1,Theory
1127566,2,11,Probabilistic_Methods
1128853,5,1,Rule_Learning
2696,4,16,Neural_Networks
66986,4,13,Neural_Networks
604073,0,70,Neural_Networks
6917,5,1,Rule_Learning
1108841,4,14,Neural_Networks
62274,4,5,Theory
4329,4,2,Probabilistic_Methods
688849,0,3,Neural_Networks
156794,7,2,Probabilistic_Methods
1103038,5,37,Case_Based
6224,7,2,Reinforcement_Learning
1130676,0,16,Neural_Networks
73323,6,12,Case_Based
1107312,7,2,Reinforcement_Learning
189856,2,3,Probabilistic_Methods
561610,2,11,Probabilistic_Methods
1133004,4,16,Neural_Networks
1131471,5,1,Case_Based
1117476,1,54,Genetic_Algorithms
40124,4,21,Theory
1114222,5,12,Probabilistic_Methods
240321,4,21,Neural_Networks
1153160,5,1,Theory
1131549,1,54,Genetic_Algorithms
1109873,4,16,Neural_Networks
157401,4,14,Neural_Networks
593329,1,54,Genetic_Algorithms
323128,5,24,Theory
949511,4,14,Neural_Networks
33412,4,24,Neural_Networks
6343,5,24,Case_Based
14545,5,37,Neural_Networks
1108050,4,16,Neural_Networks
3222,5,12,Case_Based
12359,4,9,Neural_Networks
459214,1,54,Genetic_Algorithms
594119,0,81,Genetic_Algorithms
38829,6,12,Case_Based
1110209,2,19,Probabilistic_Methods
1126029,7,2,Reinforcement_Learning
6311,5,24,Theory
10186,6,4,Theory
7532,0,36,Neural_Networks
1105231,0,54,Genetic_Algorithms
12558,1,54,Genetic_Algorithms
645016,2,11,Probabilistic_Methods
104840,6,1,Theory
714260,2,42,Probabilistic_Methods
1153933,6,9,Neural_Networks
289885,4,37,Probabilistic_Methods
189574,2,42,Probabilistic_Methods
40886,5,24,Neural_Networks
46491,5,24,Theory
370366,4,21,Neural_Networks
919885,4,14,Neural_Networks
45061,5,24,Theory
5454,0,16,Neural_Networks
6213,7,2,Reinforcement_Learning
654326,4,14,Genetic_Algorithms
6210,7,2,Reinforcement_Learning
1120731,7,2,Reinforcement_Learning
78552,0,68,Neural_Networks
576362,1,54,Genetic_Algorithms
181782,7,2,Reinforcement_Learning
188471,4,2,Reinforcement_Learning
1120019,0,40,Neural_Networks
675649,4,21,Neural_Networks
1128151,1,54,Genetic_Algorithms
66564,1,54,Genetic_Algorithms
20923,2,37,Probabilistic_Methods
1128542,5,1,Neural_Networks
59772,4,14,Neural_Networks
574264,1,54,Genetic_Algorithms
1128227,1,54,Genetic_Algorithms
6214,7,2,Reinforcement_Learning
628668,7,2,Reinforcement_Learning
917493,4,9,Neural_Networks
1120197,4,16,Neural_Networks
12158,3,5,Theory
1112426,1,37,Neural_Networks
567018,1,37,Neural_Networks
1110998,4,14,Neural_Networks
145384,7,4,Reinforcement_Learning
1481,6,18,Case_Based
1119623,0,44,Probabilistic_Methods
197452,4,14,Neural_Networks
645046,2,11,Probabilistic_Methods
648112,0,31,Neural_Networks
1152676,1,54,Genetic_Algorithms
139547,4,16,Neural_Networks
1152394,0,64,Neural_Networks
632874,4,6,Probabilistic_Methods
118079,5,21,Reinforcement_Learning
1153786,2,19,Probabilistic_Methods
9515,3,5,Theory
1105887,5,1,Rule_Learning
1135955,0,80,Neural_Networks
643199,1,54,Genetic_Algorithms
1121063,3,5,Theory
649739,4,14,Neural_Networks
170798,6,12,Case_Based
6152,7,2,Reinforcement_Learning
1154068,4,6,Probabilistic_Methods
66809,1,14,Reinforcement_Learning
5869,4,21,Neural_Networks
112813,6,18,Case_Based
272720,3,1,Theory
631015,4,14,Neural_Networks
576691,1,54,Genetic_Algorithms
1105574,0,16,Neural_Networks
63549,4,21,Neural_Networks
28359,4,2,Reinforcement_Learning
649730,4,14,Neural_Networks
63835,7,4,Case_Based
13213,4,37,Reinforcement_Learning
853155,4,14,Neural_Networks
168410,7,2,Reinforcement_Learning
601567,5,1,Rule_Learning
1106330,5,1,Case_Based
573964,1,54,Genetic_Algorithms
1152143,4,14,Theory
1110579,6,12,Case_Based
308003,5,1,Rule_Learning
289780,1,54,Genetic_Algorithms
733576,4,37,Neural_Networks
1114336,6,12,Case_Based
135798,5,1,Case_Based
252715,6,1,Rule_Learning
593859,1,54,Genetic_Algorithms
74921,0,67,Probabilistic_Methods
1108551,5,21,Theory
38771,0,28,Neural_Networks
733534,4,13,Neural_Networks
31489,4,6,Probabilistic_Methods
1110950,0,78,Case_Based
1118347,4,9,Neural_Networks
47682,5,14,Neural_Networks
709518,0,43,Neural_Networks
221302,6,18,Case_Based
73712,0,35,Neural_Networks
633031,0,62,Probabilistic_Methods
111676,6,12,Case_Based
75983,4,21,Neural_Networks
1104647,1,54,Genetic_Algorithms
696346,0,16,Neural_Networks
262121,4,54,Genetic_Algorithms
3095,6,12,Case_Based
1786,5,24,Rule_Learning
18777,2,3,Probabilistic_Methods
4983,0,17,Genetic_Algorithms
753265,4,9,Neural_Networks
45189,3,1,Theory
178209,5,1,Rule_Learning
110163,6,12,Case_Based
168958,4,14,Neural_Networks
1125082,4,14,Genetic_Algorithms
1138968,1,54,Genetic_Algorithms
38000,5,24,Rule_Learning
211875,5,24,Neural_Networks
6209,7,2,Reinforcement_Learning
578845,1,54,Genetic_Algorithms
689152,4,9,Neural_Networks
949318,4,14,Neural_Networks
4637,3,5,Theory
18532,0,36,Neural_Networks
78994,4,6,Neural_Networks
1123530,1,54,Genetic_Algorithms
20584,5,24,Neural_Networks
1103031,0,53,Probabilistic_Methods
27531,5,1,Neural_Networks
943,6,12,Case_Based
1130808,0,16,Neural_Networks
213279,4,5,Neural_Networks
459213,1,54,Genetic_Algorithms
1104031,6,12,Case_Based
1130568,4,13,Neural_Networks
40131,5,21,Neural_Networks
154134,5,4,Case_Based
31055,5,1,Neural_Networks
4649,5,1,Rule_Learning
67633,6,18,Case_Based
4584,7,2,Reinforcement_Learning
1107325,5,1,Case_Based
10531,3,0,Neural_Networks
1129208,5,2,Theory
34961,6,25,Neural_Networks
763181,4,14,Neural_Networks
330148,4,14,Neural_Networks
575331,1,54,Genetic_Algorithms
73162,2,42,Probabilistic_Methods
214472,0,37,Reinforcement_Learning
1119751,5,5,Theory
64519,7,4,Reinforcement_Learning
46452,5,1,Rule_Learning
1102751,6,1,Theory
630817,0,16,Neural_Networks
1123576,3,21,Neural_Networks
270600,0,32,Neural_Networks
7419,7,2,Reinforcement_Learning
133553,4,9,Neural_Networks
335733,1,54,Genetic_Algorithms
1154012,0,66,Probabilistic_Methods
27627,7,2,Theory
427606,1,54,Genetic_Algorithms
287787,1,54,Genetic_Algorithms
28336,1,54,Genetic_Algorithms
6346,5,54,Case_Based
152219,0,37,Neural_Networks
1109208,1,54,Genetic_Algorithms
63486,5,1,Theory
1237,3,38,Neural_Networks
1129629,1,54,Genetic_Algorithms
1153724,6,12,Case_Based
13717,5,24,Rule_Learning
593105,1,54,Genetic_Algorithms
1105394,7,2,Reinforcement_Learning
80515,0,36,Neural_Networks
262108,4,54,Neural_Networks
1110390,5,12,Case_Based
292277,1,54,Genetic_Algorithms
1113459,7,2,Reinforcement_Learning
613409,4,14,Probabilistic_Methods
263279,1,54,Genetic_Algorithms
144212,1,54,Genetic_Algorithms
11339,5,24,Theory
9708,5,1,Case_Based
578365,0,16,Neural_Networks
42847,4,21,Neural_Networks
28640,3,5,Theory
98693,1,54,Genetic_Algorithms
989397,3,5,Theory
1154524,0,84,Rule_Learning
1125895,4,38,Reinforcement_Learning
1103985,1,54,Genetic_Algorithms
107569,4,13,Neural_Networks
1116410,6,12,Case_Based
1133428,0,16,Neural_Networks
107252,5,24,Theory
15431,3,5,Theory
267003,5,1,Neural_Networks
54132,1,54,Genetic_Algorithms
1110024,6,18,Case_Based
739707,0,34,Neural_Networks
1153866,5,1,Rule_Learning
1153056,7,2,Reinforcement_Learning
656048,6,12,Case_Based
46470,3,1,Theory
75121,5,1,Case_Based
1120170,7,2,Reinforcement_Learning
144330,6,18,Theory
22876,6,12,Case_Based
649731,4,14,Neural_Networks
1111186,0,32,Neural_Networks
1110256,3,0,Theory
1153728,6,12,Case_Based
642920,0,100,Neural_Networks
628459,0,104,Neural_Networks
643003,2,11,Probabilistic_Methods
1155073,5,1,Rule_Learning
573978,1,54,Genetic_Algorithms
634975,1,54,Genetic_Algorithms
1118017,4,14,Neural_Networks
1131464,4,14,Neural_Networks
1213,0,23,Rule_Learning
1121537,3,5,Theory
255628,4,16,Neural_Networks
1125092,1,54,Reinforcement_Learning
264556,4,9,Neural_Networks
43165,0,63,Neural_Networks
140569,4,9,Neural_Networks
1114664,6,25,Case_Based
91581,2,42,Probabilistic_Methods
1103383,1,54,Genetic_Algorithms
431206,4,6,Probabilistic_Methods
1128201,1,54,Genetic_Algorithms
345340,7,2,Reinforcement_Learning
1111899,6,12,Case_Based
1131266,0,24,Probabilistic_Methods
8224,5,1,Theory
593942,0,54,Genetic_Algorithms
289088,4,9,Neural_Networks
1135115,6,9,Neural_Networks
12347,4,9,Neural_Networks
1130634,3,0,Neural_Networks
95594,7,4,Reinforcement_Learning
1110768,4,2,Neural_Networks
642894,2,11,Probabilistic_Methods
1153897,4,54,Genetic_Algorithms
249858,3,5,Theory
14529,5,24,Case_Based
28202,7,2,Reinforcement_Learning
4878,6,18,Case_Based
28254,7,2,Neural_Networks
18770,2,25,Probabilistic_Methods
1154229,2,42,Probabilistic_Methods
545647,5,1,Theory
93755,3,5,Theory
133567,4,9,Neural_Networks
1135358,5,1,Theory
95198,6,12,Case_Based
34708,4,24,Neural_Networks
653628,0,88,Rule_Learning
216878,5,24,Theory
1153945,1,54,Genetic_Algorithms
1108656,5,1,Case_Based
1126315,0,95,Neural_Networks
1131198,1,54,Genetic_Algorithms
1105033,7,2,Reinforcement_Learning
1108169,4,16,Neural_Networks
154023,0,99,Neural_Networks
33818,0,68,Neural_Networks
44121,0,86,Probabilistic_Methods
77108,3,0,Theory
654339,4,14,Genetic_Algorithms
10177,3,5,Theory
1116397,6,12,Case_Based
446610,2,3,Probabilistic_Methods
5075,6,18,Case_Based
14430,0,53,Probabilistic_Methods
1118823,5,24,Theory
5064,6,18,Case_Based
395075,1,54,Genetic_Algorithms
159085,0,33,Neural_Networks
7276,4,14,Neural_Networks
255233,6,12,Case_Based
583318,1,54,Genetic_Algorithms
399173,6,18,Case_Based
143676,0,38,Neural_Networks
83847,4,13,Neural_Networks
139738,4,21,Neural_Networks
423463,2,42,Probabilistic_Methods
650807,1,54,Genetic_Algorithms
28267,6,12,Case_Based
469504,4,16,Neural_Networks
18619,7,1,Theory
248425,1,54,Genetic_Algorithms
353541,7,25,Neural_Networks
1133390,5,5,Theory
1128369,1,54,Genetic_Algorithms
1130080,0,58,Neural_Networks
52835,5,1,Rule_Learning
5062,6,18,Case_Based
1109199,1,54,Genetic_Algorithms
561789,2,11,Probabilistic_Methods
1026,1,54,Genetic_Algorithms
1140547,4,3,Neural_Networks
1128990,1,14,Genetic_Algorithms
396412,4,14,Neural_Networks
134060,4,2,Theory
200480,5,1,Case_Based
1128935,5,1,Rule_Learning
1113084,0,47,Neural_Networks
194609,3,0,Neural_Networks
1154123,4,21,Neural_Networks
1112686,3,3,Probabilistic_Methods
444240,1,1,Genetic_Algorithms
3237,5,1,Probabilistic_Methods
120013,4,2,Neural_Networks
1120713,6,12,Case_Based
560936,4,42,Neural_Networks
633585,4,6,Probabilistic_Methods
193352,0,23,Rule_Learning
1115471,5,1,Rule_Learning
42221,3,5,Theory
6939,5,1,Rule_Learning
42209,3,5,Theory
90470,2,3,Probabilistic_Methods
1106547,7,2,Reinforcement_Learning
82664,6,12,Case_Based
108963,2,3,Probabilistic_Methods
59626,3,5,Theory
7296,4,14,Neural_Networks
17798,5,1,Case_Based
27230,5,1,Rule_Learning
325497,7,2,Reinforcement_Learning
458439,0,56,Theory
18615,5,1,Rule_Learning
3220,5,24,Neural_Networks
94229,5,9,Neural_Networks
687401,4,9,Neural_Networks
95188,6,12,Case_Based
74975,6,12,Case_Based
739816,4,14,Neural_Networks
35778,2,3,Probabilistic_Methods
162075,0,34,Neural_Networks
521183,6,24,Case_Based
948846,4,14,Neural_Networks
409255,0,36,Neural_Networks
22229,1,54,Genetic_Algorithms
50381,2,5,Theory
62417,4,21,Probabilistic_Methods
193931,4,42,Neural_Networks
578306,0,16,Neural_Networks
238401,1,12,Theory
38480,7,2,Reinforcement_Learning
180187,0,23,Rule_Learning
1106849,5,24,Neural_Networks
1152259,2,11,Probabilistic_Methods
280876,2,42,Probabilistic_Methods
251756,1,54,Genetic_Algorithms
395553,4,13,Neural_Networks
1126350,3,5,Theory
203646,4,21,Neural_Networks
108983,2,3,Probabilistic_Methods
155736,3,5,Theory
59045,5,5,Theory
31105,1,5,Neural_Networks
64319,3,5,Theory
167670,5,1,Probabilistic_Methods
696343,0,16,Neural_Networks
13686,6,2,Neural_Networks
1135899,0,16,Neural_Networks
1118546,2,42,Probabilistic_Methods
906,4,21,Neural_Networks
636098,5,1,Theory
1129015,0,54,Genetic_Algorithms
66982,4,13,Neural_Networks
34355,4,21,Neural_Networks
28957,2,3,Probabilistic_Methods
192870,0,32,Neural_Networks
107251,5,24,Theory
253762,4,21,Probabilistic_Methods
628764,4,13,Neural_Networks
27535,6,25,Probabilistic_Methods
78549,0,68,Neural_Networks
184918,4,14,Neural_Networks
907845,4,21,Neural_Networks
1130586,4,13,Neural_Networks
1061127,5,1,Rule_Learning
69392,4,21,Neural_Networks
621555,0,73,Neural_Networks
689439,0,84,Rule_Learning
1095507,2,3,Probabilistic_Methods
10430,6,12,Case_Based
1385,7,2,Neural_Networks
133550,4,9,Neural_Networks
13917,7,2,Reinforcement_Learning
1131374,1,54,Genetic_Algorithms
1717,4,21,Probabilistic_Methods
189577,4,42,Probabilistic_Methods
1109392,4,14,Neural_Networks
1154074,0,36,Neural_Networks
294145,0,46,Rule_Learning
90888,4,14,Neural_Networks
1153879,6,18,Case_Based
7041,0,61,Neural_Networks
1110000,2,42,Probabilistic_Methods
261040,6,1,Case_Based
2663,4,37,Neural_Networks
644843,2,11,Probabilistic_Methods
662572,4,6,Neural_Networks
1106388,5,1,Rule_Learning
1104769,5,1,Probabilistic_Methods
650814,1,54,Genetic_Algorithms
647315,1,54,Genetic_Algorithms
1106764,5,1,Rule_Learning
293285,7,2,Theory
608326,1,54,Genetic_Algorithms
13966,7,2,Reinforcement_Learning
1107171,6,12,Case_Based
152731,4,14,Neural_Networks
1132434,4,21,Neural_Networks
17363,4,6,Neural_Networks
205192,0,16,Neural_Networks
28385,4,38,Reinforcement_Learning
714208,2,42,Probabilistic_Methods
1103315,7,2,Reinforcement_Learning
23258,7,2,Reinforcement_Learning
575402,1,54,Genetic_Algorithms
197783,5,5,Neural_Networks
99030,0,16,Neural_Networks
714748,2,42,Probabilistic_Methods
853150,4,14,Neural_Networks
1131300,2,11,Probabilistic_Methods
12946,4,21,Probabilistic_Methods
1114442,4,54,Genetic_Algorithms
644470,2,11,Probabilistic_Methods
100935,1,54,Genetic_Algorithms
77758,4,14,Neural_Networks
126867,0,72,Case_Based
115188,0,10,Neural_Networks
6184,4,2,Reinforcement_Learning
179180,4,14,Neural_Networks
4330,4,21,Probabilistic_Methods
101811,5,1,Theory
71904,4,21,Neural_Networks
1130678,4,13,Neural_Networks
853116,4,14,Neural_Networks
35852,1,54,Reinforcement_Learning
1112071,0,45,Probabilistic_Methods
643485,2,11,Probabilistic_Methods
1128407,6,12,Case_Based
1131414,0,71,Neural_Networks
340299,4,14,Neural_Networks
593209,1,54,Genetic_Algorithms
12275,0,13,Neural_Networks
262178,4,54,Genetic_Algorithms
1246,3,5,Reinforcement_Learning
105899,7,2,Probabilistic_Methods
282700,0,16,Neural_Networks
1153064,5,1,Theory
738941,0,34,Neural_Networks
1071981,1,41,Reinforcement_Learning
237489,0,16,Neural_Networks
1127430,1,54,Genetic_Algorithms
1131257,2,11,Probabilistic_Methods
1128975,1,54,Genetic_Algorithms
23546,5,1,Rule_Learning
31932,3,0,Neural_Networks
1154500,6,1,Case_Based
13656,1,26,Neural_Networks
360028,5,24,Theory
267824,4,37,Neural_Networks
1952,6,12,Case_Based
1126050,7,2,Reinforcement_Learning
1153703,5,1,Case_Based
854434,5,5,Neural_Networks
94953,4,21,Neural_Networks
78508,0,68,Neural_Networks
28674,3,3,Theory
1128430,5,24,Case_Based
20178,6,12,Case_Based
1031453,4,14,Neural_Networks
129897,4,42,Probabilistic_Methods
58454,1,54,Case_Based
15987,2,42,Probabilistic_Methods
35490,6,12,Case_Based
656231,6,12,Case_Based
1113182,7,2,Reinforcement_Learning
1120866,4,14,Neural_Networks
64271,6,12,Case_Based
16471,4,9,Neural_Networks
159897,2,3,Probabilistic_Methods
636511,4,21,Neural_Networks
1136791,1,54,Genetic_Algorithms
263553,4,6,Neural_Networks
1108834,4,21,Neural_Networks
39474,1,54,Genetic_Algorithms
592830,5,1,Rule_Learning
11335,5,1,Rule_Learning
1152308,5,1,Case_Based
1123215,0,75,Theory
1116842,5,5,Theory
284025,4,6,Neural_Networks
642593,0,65,Neural_Networks
948299,4,14,Neural_Networks
31483,5,25,Probabilistic_Methods
65212,4,21,Neural_Networks
321861,3,5,Theory
50354,4,9,Neural_Networks
1131230,4,21,Probabilistic_Methods
190697,1,54,Genetic_Algorithms
56167,5,1,Case_Based
561595,2,11,Probabilistic_Methods
129896,2,42,Probabilistic_Methods
1123553,7,2,Reinforcement_Learning
8581,4,16,Neural_Networks
1131335,2,11,Probabilistic_Methods
18774,2,3,Probabilistic_Methods
28504,7,4,Reinforcement_Learning
1135345,0,34,Neural_Networks
646334,2,11,Probabilistic_Methods
47570,6,18,Case_Based
1125906,0,3,Probabilistic_Methods
195792,1,54,Genetic_Algorithms
258259,4,14,Neural_Networks
643777,0,14,Neural_Networks
1133196,1,54,Genetic_Algorithms
1104182,7,2,Reinforcement_Learning
10183,6,12,Case_Based
447224,1,54,Genetic_Algorithms
56119,1,41,Genetic_Algorithms
18834,1,2,Reinforcement_Learning
242663,2,42,Probabilistic_Methods
1153106,5,24,Neural_Networks
1110426,5,1,Rule_Learning
1102364,2,19,Probabilistic_Methods
1106287,4,14,Neural_Networks
411092,5,1,Rule_Learning
1136310,4,21,Probabilistic_Methods
8875,1,54,Genetic_Algorithms
12960,3,2,Theory
1131184,0,100,Neural_Networks
124224,4,6,Neural_Networks
568857,1,54,Genetic_Algorithms
1131611,3,5,Theory
78511,1,68,Genetic_Algorithms
606479,1,54,Genetic_Algorithms
578309,0,16,Neural_Networks
189572,2,42,Probabilistic_Methods
1129018,1,54,Genetic_Algorithms
25702,4,21,Neural_Networks
1111240,4,42,Neural_Networks
1153736,7,2,Theory
111770,0,44,Probabilistic_Methods
1110628,0,103,Probabilistic_Methods
1108167,3,5,Theory
217139,5,4,Case_Based
341188,7,2,Reinforcement_Learning
578650,1,54,Genetic_Algorithms
335042,4,9,Neural_Networks
785678,1,54,Genetic_Algorithms
578646,1,54,Genetic_Algorithms
593104,0,54,Genetic_Algorithms
1127619,5,1,Rule_Learning
126927,2,11,Probabilistic_Methods
1112106,0,99,Neural_Networks
1121739,4,14,Reinforcement_Learning
35335,4,14,Neural_Networks
3217,5,1,Theory
116553,1,54,Genetic_Algorithms
1125909,2,19,Probabilistic_Methods
376704,0,51,Case_Based
1152711,0,33,Neural_Networks
153598,7,2,Reinforcement_Learning
139865,4,14,Neural_Networks
259702,1,54,Genetic_Algorithms
288107,0,75,Theory
41216,4,21,Neural_Networks
13193,7,2,Reinforcement_Learning
1106854,0,36,Neural_Networks
642847,2,11,Probabilistic_Methods
643069,2,11,Probabilistic_Methods
1115790,4,21,Neural_Networks
359067,5,1,Case_Based
561582,2,11,Probabilistic_Methods
12576,1,41,Genetic_Algorithms
1130680,0,16,Neural_Networks
34257,0,32,Neural_Networks
683294,0,69,Probabilistic_Methods
561364,2,42,Probabilistic_Methods
1152959,4,6,Neural_Networks
1956,1,12,Case_Based
1153577,1,54,Genetic_Algorithms
310653,2,3,Probabilistic_Methods
14428,0,53,Probabilistic_Methods
31479,5,37,Probabilistic_Methods
1104261,4,1,Theory
284414,5,1,Case_Based
447250,4,14,Neural_Networks
135765,5,1,Rule_Learning
578347,0,16,Neural_Networks
190706,1,54,Genetic_Algorithms
119761,4,6,Neural_Networks
634904,1,54,Genetic_Algorithms
633030,0,62,Probabilistic_Methods
88356,5,1,Probabilistic_Methods
1121254,4,3,Probabilistic_Methods
628815,7,2,Reinforcement_Learning
1111304,7,2,Reinforcement_Learning
1120049,4,9,Neural_Networks
1153091,5,1,Rule_Learning
3101,6,12,Case_Based
22241,1,54,Genetic_Algorithms
1114118,4,21,Neural_Networks
13885,4,21,Neural_Networks
1116044,2,19,Probabilistic_Methods
1152307,5,1,Case_Based
601561,6,1,Rule_Learning
417017,5,1,Case_Based
14429,0,53,Probabilistic_Methods
232606,0,23,Rule_Learning
3218,5,1,Rule_Learning
694759,1,54,Genetic_Algorithms
899119,0,23,Rule_Learning
145315,0,27,Rule_Learning
91853,6,12,Case_Based
49895,5,1,Rule_Learning
1112194,0,35,Neural_Networks
8213,7,2,Reinforcement_Learning
175576,3,5,Theory
22869,6,12,Case_Based
1116268,5,5,Theory
40583,4,6,Probabilistic_Methods
32260,3,5,Theory
112787,6,18,Case_Based
509233,1,54,Theory
1130454,0,66,Probabilistic_Methods
645452,2,11,Probabilistic_Methods
119686,1,26,Neural_Networks
1033,1,54,Genetic_Algorithms
6385,7,2,Reinforcement_Learning
110162,6,12,Case_Based
179702,0,36,Neural_Networks
45603,1,54,Reinforcement_Learning
6170,7,2,Reinforcement_Learning
235678,0,84,Rule_Learning
1131172,2,11,Probabilistic_Methods
198866,6,12,Case_Based
25805,3,5,Theory
647447,1,54,Genetic_Algorithms
6196,7,2,Reinforcement_Learning
6539,3,5,Theory
45605,1,54,Genetic_Algorithms
46536,5,1,Neural_Networks
1134031,0,23,Rule_Learning
1131828,6,12,Case_Based
22386,6,12,Case_Based
1103162,7,2,Reinforcement_Learning
1063773,3,0,Neural_Networks
177993,1,54,Genetic_Algorithms
1128314,1,54,Genetic_Algorithms
17488,7,2,Reinforcement_Learning
429781,3,5,Theory
1120563,6,18,Case_Based
573553,3,0,Theory
1130069,0,96,Neural_Networks
38839,6,12,Case_Based
644361,2,11,Probabilistic_Methods
1153024,2,19,Probabilistic_Methods
1107136,5,1,Genetic_Algorithms
1129610,1,54,Genetic_Algorithms
16461,4,14,Neural_Networks
640617,1,54,Genetic_Algorithms
293271,7,2,Reinforcement_Learning
1111265,4,21,Neural_Networks
40,4,54,Genetic_Algorithms
1130539,5,4,Case_Based
577086,1,54,Genetic_Algorithms
55770,6,18,Case_Based
12211,3,5,Theory
187354,5,1,Rule_Learning
161221,4,2,Neural_Networks
1140231,0,16,Neural_Networks
1114526,3,5,Theory
1122580,5,1,Theory
6784,4,42,Neural_Networks
1132857,0,69,Probabilistic_Methods
928873,4,21,Neural_Networks
628500,4,2,Reinforcement_Learning
217984,4,14,Neural_Networks
1117618,5,24,Theory
189708,2,2,Probabilistic_Methods
1135894,4,14,Neural_Networks
1114864,5,24,Case_Based
1128536,5,1,Theory
230300,7,2,Reinforcement_Learning
377303,0,54,Genetic_Algorithms
238099,5,1,Rule_Learning
318187,5,1,Rule_Learning
649944,0,27,Rule_Learning
578780,1,54,Genetic_Algorithms
66594,5,1,Theory
16474,0,9,Neural_Networks
1153166,6,12,Case_Based
626530,0,66,Probabilistic_Methods
1126012,7,3,Probabilistic_Methods
66782,5,3,Rule_Learning
1116336,4,21,Probabilistic_Methods
11326,5,24,Theory
289945,4,9,Neural_Networks
1128974,0,54,Genetic_Algorithms
1118286,5,12,Rule_Learning
35797,0,42,Neural_Networks
592826,5,1,Rule_Learning
61069,1,54,Genetic_Algorithms
1153148,5,1,Probabilistic_Methods
175256,1,54,Genetic_Algorithms
27510,1,14,Theory
592996,1,54,Genetic_Algorithms
116087,5,1,Rule_Learning
58758,1,54,Genetic_Algorithms
1108209,4,14,Genetic_Algorithms
101145,6,12,Case_Based
129045,6,12,Case_Based
95719,4,21,Probabilistic_Methods
1117184,6,1,Case_Based
89335,6,25,Case_Based
1123093,5,1,Rule_Learning
470511,6,12,Case_Based
1105718,4,14,Neural_Networks
6151,7,2,Reinforcement_Learning
11325,5,1,Rule_Learning
219218,0,85,Probabilistic_Methods
521252,5,24,Theory
285687,4,21,Neural_Networks
1135082,4,37,Neural_Networks
100197,4,14,Neural_Networks
1123239,4,16,Neural_Networks
735311,1,68,Neural_Networks
631052,4,14,Neural_Networks
1153861,4,13,Neural_Networks
101143,6,12,Case_Based
1106671,4,21,Neural_Networks
593022,1,54,Genetic_Algorithms
32872,7,3,Reinforcement_Learning
1114153,4,14,Neural_Networks
1154525,0,23,Rule_Learning
510715,3,21,Probabilistic_Methods
1122460,4,21,Neural_Networks
642621,2,11,Probabilistic_Methods
22563,5,24,Neural_Networks
44455,1,54,Genetic_Algorithms
1153150,5,12,Rule_Learning
1123087,0,9,Neural_Networks
1152910,7,2,Reinforcement_Learning
16451,4,9,Neural_Networks
1118209,3,5,Theory
270456,4,21,Neural_Networks
67415,3,5,Theory
358884,0,37,Theory
2654,5,5,Theory
39403,7,2,Reinforcement_Learning
272345,6,18,Case_Based
63812,5,1,Case_Based
390889,4,13,Neural_Networks
38845,6,12,Case_Based
1104055,5,5,Theory
15892,6,18,Case_Based
1136393,4,21,Neural_Networks
1105877,0,67,Probabilistic_Methods
1131258,2,11,Probabilistic_Methods
29708,4,3,Neural_Networks
2653,5,5,Theory
688824,0,102,Neural_Networks
1122304,4,14,Neural_Networks
481073,4,2,Reinforcement_Learning
7032,4,21,Probabilistic_Methods
1118764,3,5,Theory
1103676,4,24,Neural_Networks
212930,7,37,Neural_Networks
67584,2,11,Probabilistic_Methods
399370,4,42,Neural_Networks
95586,7,4,Reinforcement_Learning
1121603,0,36,Neural_Networks
1107140,7,4,Theory
1134865,1,54,Genetic_Algorithms
94639,1,54,Genetic_Algorithms
193932,4,42,Neural_Networks
365294,7,4,Reinforcement_Learning
521855,2,42,Probabilistic_Methods
63915,5,24,Neural_Networks
73119,0,53,Probabilistic_Methods
644441,2,11,Probabilistic_Methods
45533,0,32,Neural_Networks
149669,2,2,Probabilistic_Methods
1128868,3,0,Neural_Networks
1110563,4,14,Neural_Networks
128202,5,4,Theory
815096,4,13,Neural_Networks
1152421,1,54,Genetic_Algorithms
252725,0,90,Rule_Learning
1115886,7,2,Reinforcement_Learning
1111978,3,21,Probabilistic_Methods
1050679,0,54,Genetic_Algorithms
50807,0,60,Genetic_Algorithms
648232,4,14,Neural_Networks
299197,7,2,Neural_Networks
30895,5,14,Theory
1109185,4,21,Neural_Networks
243274,0,9,Neural_Networks
628458,7,104,Neural_Networks
1106370,4,1,Neural_Networks
1136634,4,9,Theory
43639,4,16,Neural_Networks
1113831,1,54,Genetic_Algorithms
1127558,2,11,Probabilistic_Methods
459216,1,54,Genetic_Algorithms
1118245,7,3,Reinforcement_Learning
48075,5,24,Rule_Learning
93555,4,6,Neural_Networks
662279,4,6,Neural_Networks
199571,1,1,Neural_Networks
189566,2,3,Probabilistic_Methods
430574,0,20,Neural_Networks
1152761,1,54,Genetic_Algorithms
103531,6,12,Case_Based
595063,1,54,Genetic_Algorithms
119956,4,21,Neural_Networks
1113926,5,1,Neural_Networks
131042,4,21,Neural_Networks
1132461,4,21,Neural_Networks
34979,3,5,Theory
136767,5,1,Theory
133563,4,9,Neural_Networks
561238,1,54,Genetic_Algorithms
14549,5,37,Theory
3232,5,1,Theory
1114388,4,14,Theory
675756,4,21,Neural_Networks
73327,6,12,Case_Based
1131137,5,25,Probabilistic_Methods
576795,1,54,Genetic_Algorithms
1000012,5,1,Rule_Learning
578645,1,54,Genetic_Algorithms
5086,2,42,Probabilistic_Methods
397590,5,1,Rule_Learning
141324,1,54,Genetic_Algorithms
591016,5,1,Rule_Learning
1114239,1,54,Genetic_Algorithms
95579,7,2,Reinforcement_Learning
41417,6,12,Case_Based
1138619,5,91,Rule_Learning
595157,1,54,Genetic_Algorithms
975567,1,54,Genetic_Algorithms
853118,4,14,Neural_Networks
6741,5,1,Theory
1112574,3,5,Theory
1135455,0,34,Neural_Networks
1128204,1,54,Genetic_Algorithms
6169,7,2,Reinforcement_Learning
46476,5,1,Rule_Learning
647413,1,54,Genetic_Algorithms
143801,4,6,Neural_Networks
1112911,1,54,Genetic_Algorithms
20850,5,1,Theory
16437,0,9,Neural_Networks
714879,2,42,Probabilistic_Methods
284023,4,6,Neural_Networks
1134320,2,42,Probabilistic_Methods
1106401,3,3,Theory
1120786,4,21,Neural_Networks
578669,1,54,Genetic_Algorithms
86923,0,36,Neural_Networks
1128198,1,54,Genetic_Algorithms
1116922,5,1,Rule_Learning
1997,5,21,Probabilistic_Methods
521251,5,24,Case_Based
28471,7,2,Reinforcement_Learning
1110531,5,24,Case_Based
194617,3,0,Neural_Networks
39165,5,25,Probabilistic_Methods
1121659,2,42,Probabilistic_Methods
293974,2,3,Probabilistic_Methods
53942,5,1,Theory
387795,1,54,Genetic_Algorithms
3243,5,5,Theory
137130,2,19,Probabilistic_Methods
384428,0,40,Neural_Networks
27612,3,5,Theory
189571,2,42,Probabilistic_Methods
191216,4,21,Neural_Networks
84695,4,21,Neural_Networks
35,1,54,Genetic_Algorithms
593559,1,54,Genetic_Algorithms
1152162,3,3,Neural_Networks
1152975,5,1,Case_Based
126920,2,11,Probabilistic_Methods
152483,1,54,Genetic_Algorithms
254923,1,1,Genetic_Algorithms
1112075,5,54,Neural_Networks
116790,2,3,Probabilistic_Methods
1118332,4,14,Neural_Networks
10796,7,1,Case_Based
6378,7,2,Reinforcement_Learning
50336,4,3,Probabilistic_Methods
20972,7,2,Reinforcement_Learning
1955,1,12,Case_Based
1152448,5,1,Case_Based
1104379,4,21,Neural_Networks
134320,2,19,Probabilistic_Methods
6775,4,42,Neural_Networks
1130915,4,6,Neural_Networks
1153183,3,9,Theory
177998,1,54,Genetic_Algorithms
1131734,1,54,Genetic_Algorithms
166825,6,18,Case_Based
63832,1,41,Genetic_Algorithms
1125492,1,54,Genetic_Algorithms
60170,4,42,Neural_Networks
562067,2,11,Probabilistic_Methods
1105603,4,14,Neural_Networks
1139928,3,5,Theory
28265,6,12,Case_Based
39210,4,13,Neural_Networks
18832,7,2,Reinforcement_Learning
1152508,1,54,Genetic_Algorithms
177115,6,18,Case_Based
646809,1,54,Genetic_Algorithms
1102646,3,5,Neural_Networks
12195,3,5,Theory
8079,5,24,Theory
1107808,0,15,Neural_Networks
164885,1,54,Genetic_Algorithms
152226,3,5,Theory
1128208,1,54,Genetic_Algorithms
1109017,4,54,Genetic_Algorithms
24530,7,2,Reinforcement_Learning
87417,1,54,Genetic_Algorithms
15984,2,42,Probabilistic_Methods
628766,4,13,Neural_Networks
429805,5,24,Case_Based
18811,3,3,Probabilistic_Methods
1132809,0,23,Rule_Learning
1152663,7,2,Reinforcement_Learning
1128856,5,1,Rule_Learning
1113934,6,1,Case_Based
1129443,4,14,Neural_Networks
27631,4,2,Case_Based
1116629,4,42,Neural_Networks
1136449,4,14,Neural_Networks
1112026,6,25,Neural_Networks
1153784,1,54,Genetic_Algorithms
39199,4,13,Neural_Networks
1154042,4,21,Neural_Networks
1154520,3,0,Neural_Networks
188318,4,14,Neural_Networks
6782,5,1,Theory
51834,5,3,Theory
13208,0,37,Reinforcement_Learning
17208,7,3,Reinforcement_Learning
1116347,7,2,Reinforcement_Learning
1817,1,54,Genetic_Algorithms
45188,3,1,Theory
573535,3,0,Theory
389715,5,24,Theory
14062,1,54,Genetic_Algorithms
133615,5,1,Rule_Learning
1131748,4,14,Neural_Networks
16008,2,42,Probabilistic_Methods
1133930,0,88,Rule_Learning
1130847,1,54,Genetic_Algorithms
12350,3,5,Theory
118436,4,9,Neural_Networks
259126,5,1,Neural_Networks
57764,5,24,Theory
1115677,5,24,Neural_Networks
80656,1,26,Neural_Networks
645088,2,11,Probabilistic_Methods
302545,0,22,Probabilistic_Methods
18781,3,1,Theory
1120059,4,16,Neural_Networks
213246,0,32,Neural_Networks
27606,3,5,Theory
134307,2,19,Probabilistic_Methods
1129907,4,14,Probabilistic_Methods
1118302,5,12,Rule_Learning
703953,4,21,Probabilistic_Methods
141342,1,54,Genetic_Algorithms
66751,3,0,Theory
164,3,5,Theory
671052,0,79,Neural_Networks
1128453,1,54,Genetic_Algorithms
101261,3,5,Theory
46547,5,24,Theory
1153860,1,54,Genetic_Algorithms
235679,0,84,Rule_Learning
1129027,1,54,Genetic_Algorithms
89547,3,1,Theory
688361,4,14,Neural_Networks
12238,3,5,Theory
237376,3,1,Theory
444191,4,6,Neural_Networks
96335,4,14,Neural_Networks
1107572,3,5,Theory
628667,7,2,Reinforcement_Learning
25184,4,14,Neural_Networks
217115,3,5,Theory
348305,0,23,Rule_Learning
1130856,1,54,Genetic_Algorithms
171954,3,0,Theory
2702,4,13,Neural_Networks
354004,2,42,Probabilistic_Methods
632796,4,6,Probabilistic_Methods
11342,5,1,Theory
39124,5,24,Case_Based
593260,1,54,Genetic_Algorithms
9581,4,6,Probabilistic_Methods
1105433,4,21,Probabilistic_Methods
1152569,1,54,Genetic_Algorithms
1153889,6,18,Case_Based
1154124,4,21,Neural_Networks
1107010,6,12,Case_Based
7867,0,17,Case_Based
117328,6,12,Case_Based
47683,5,14,Case_Based
746058,0,30,Neural_Networks
519318,2,3,Probabilistic_Methods
169280,4,6,Neural_Networks
86359,1,2,Reinforcement_Learning
40151,4,1,Theory
92589,5,25,Probabilistic_Methods
40125,4,21,Probabilistic_Methods
594025,1,2,Genetic_Algorithms
174418,4,21,Theory
260121,4,21,Neural_Networks
10435,6,24,Case_Based
136665,7,2,Reinforcement_Learning
892139,7,2,Reinforcement_Learning
299195,7,2,Neural_Networks
1152490,4,13,Neural_Networks
124828,4,21,Neural_Networks
86258,3,5,Theory
445938,2,3,Probabilistic_Methods
288,7,2,Reinforcement_Learning
1154459,1,54,Genetic_Algorithms
38846,6,12,Case_Based
1110546,1,54,Genetic_Algorithms
70442,7,12,Case_Based
103528,6,12,Case_Based
99025,4,16,Neural_Networks
787016,1,54,Genetic_Algorithms
1153254,5,1,Rule_Learning
46500,5,24,Theory
144701,1,54,Genetic_Algorithms
654177,5,24,Case_Based
136768,5,1,Rule_Learning
592993,1,54,Genetic_Algorithms
20526,7,2,Reinforcement_Learning
936,6,12,Case_Based
522338,2,3,Probabilistic_Methods
582349,5,1,Neural_Networks
131317,4,37,Neural_Networks
368431,5,5,Theory
175291,1,5,Neural_Networks
15076,4,21,Neural_Networks
1113614,7,2,Reinforcement_Learning
684986,4,13,Neural_Networks
81350,7,2,Reinforcement_Learning
48781,1,54,Genetic_Algorithms
1110028,3,5,Theory
15429,3,5,Theory
114189,5,1,Probabilistic_Methods
5194,4,9,Neural_Networks
6216,7,2,Reinforcement_Learning
20180,6,12,Case_Based
253971,0,9,Neural_Networks
1131466,2,42,Probabilistic_Methods
55403,5,1,Rule_Learning
1107385,4,13,Neural_Networks
65057,2,19,Probabilistic_Methods
23502,4,14,Neural_Networks
606647,1,54,Genetic_Algorithms
350319,4,42,Neural_Networks
1130567,7,2,Reinforcement_Learning
52007,0,35,Neural_Networks
61312,0,54,Genetic_Algorithms
911198,4,16,Neural_Networks
436796,4,21,Neural_Networks
137868,2,42,Probabilistic_Methods
593060,1,54,Genetic_Algorithms
85688,6,1,Rule_Learning
416964,0,9,Neural_Networks
105057,5,24,Theory
503893,1,54,Genetic_Algorithms
96847,1,2,Genetic_Algorithms
1111052,7,2,Reinforcement_Learning
194223,4,3,Probabilistic_Methods
5038,3,5,Theory
1113534,0,36,Neural_Networks
1119654,0,51,Case_Based
219976,6,12,Case_Based
85352,1,54,Genetic_Algorithms
75972,5,1,Rule_Learning
12165,3,5,Theory
15889,6,18,Case_Based
270085,1,54,Genetic_Algorithms
1131223,2,11,Probabilistic_Methods
1152673,4,14,Neural_Networks
23774,7,2,Reinforcement_Learning
1154076,1,54,Genetic_Algorithms
37541,4,14,Theory
1105622,0,20,Neural_Networks
682508,0,69,Probabilistic_Methods
230884,0,16,Neural_Networks
13136,4,16,Neural_Networks
20942,5,1,Theory
400356,4,13,Neural_Networks
1130243,0,73,Probabilistic_Methods
521207,6,18,Case_Based
552469,5,1,Theory
594047,1,54,Genetic_Algorithms
65653,3,1,Theory
1107062,1,54,Genetic_Algorithms
644494,2,11,Probabilistic_Methods
29738,0,82,Probabilistic_Methods
13652,1,26,Neural_Networks
75695,4,16,Neural_Networks
523010,4,16,Neural_Networks
195150,5,1,Rule_Learning
1125993,6,18,Case_Based
683404,2,3,Probabilistic_Methods
941,6,12,Case_Based
1128839,4,14,Neural_Networks
1115456,5,32,Neural_Networks
100701,6,12,Case_Based
52847,5,1,Theory
5966,1,1,Genetic_Algorithms
1104787,4,9,Neural_Networks
1133417,2,3,Probabilistic_Methods
126926,2,11,Probabilistic_Methods
191222,4,21,Neural_Networks
820661,0,93,Neural_Networks
686030,7,2,Neural_Networks
430329,0,9,Neural_Networks
89308,6,12,Case_Based
559804,2,42,Probabilistic_Methods
28456,7,5,Theory
18536,0,36,Neural_Networks
57119,1,54,Genetic_Algorithms
1128881,5,1,Rule_Learning
43186,4,14,Neural_Networks
68505,3,5,Theory
